-- --------------------------------------------------------
-- Host:                         192.168.1.190
-- Server version:               8.0.28-0ubuntu0.20.04.3 - (Ubuntu)
-- Server OS:                    Linux
-- HeidiSQL Version:             12.0.0.6468
-- --------------------------------------------------------

/*!40101 SET @OLD_CHARACTER_SET_CLIENT=@@CHARACTER_SET_CLIENT */;
/*!40101 SET NAMES utf8 */;
/*!50503 SET NAMES utf8mb4 */;
/*!40103 SET @OLD_TIME_ZONE=@@TIME_ZONE */;
/*!40103 SET TIME_ZONE='+00:00' */;
/*!40014 SET @OLD_FOREIGN_KEY_CHECKS=@@FOREIGN_KEY_CHECKS, FOREIGN_KEY_CHECKS=0 */;
/*!40101 SET @OLD_SQL_MODE=@@SQL_MODE, SQL_MODE='NO_AUTO_VALUE_ON_ZERO' */;
/*!40111 SET @OLD_SQL_NOTES=@@SQL_NOTES, SQL_NOTES=0 */;


-- Dumping database structure for certchecker
CREATE DATABASE IF NOT EXISTS `certchecker` /*!40100 DEFAULT CHARACTER SET utf8 COLLATE utf8_unicode_ci */ /*!80016 DEFAULT ENCRYPTION='N' */;
USE `certchecker`;

-- Dumping structure for table certchecker.cyphersuite
CREATE TABLE IF NOT EXISTS `cyphersuite` (
  `cyphersuite_id` int NOT NULL AUTO_INCREMENT,
  `cypher_name` varchar(128) CHARACTER SET utf8 COLLATE utf8_unicode_ci DEFAULT NULL,
  `ok` tinyint DEFAULT '0',
  PRIMARY KEY (`cyphersuite_id`) USING BTREE
) ENGINE=InnoDB AUTO_INCREMENT=330 DEFAULT CHARSET=utf8mb3 COLLATE=utf8_unicode_ci ROW_FORMAT=DYNAMIC;

-- Dumping data for table certchecker.cyphersuite: ~235 rows (approximately)
INSERT INTO `cyphersuite` (`cyphersuite_id`, `cypher_name`, `ok`) VALUES
	(7, 'SSL_CK_DES_192_EDE3_CBC_WITH_MD5\r', 0),
	(8, 'SSL_CK_DES_64_CBC_WITH_MD5\r', 0),
	(9, 'SSL_CK_IDEA_128_CBC_WITH_MD5\r', 0),
	(10, 'SSL_CK_RC2_128_CBC_EXPORT40_WITH_MD5\r', 0),
	(11, 'SSL_CK_RC2_128_CBC_WITH_MD5\r', 0),
	(12, 'SSL_CK_RC4_128_EXPORT40_WITH_MD5\r', 0),
	(13, 'SSL_CK_RC4_128_WITH_MD5\r', 0),
	(14, 'TLS_AES_128_CCM_8_SHA256\r', 0),
	(15, 'TLS_AES_128_CCM_SHA256\r', 0),
	(16, 'TLS_AES_128_GCM_SHA256\r', 0),
	(17, 'TLS_AES_256_GCM_SHA384\r', 0),
	(18, 'TLS_CHACHA20_POLY1305_SHA256\r', 0),
	(19, 'TLS_DH_anon_EXPORT_WITH_DES40_CBC_SHA\r', 0),
	(20, 'TLS_DH_anon_EXPORT_WITH_RC4_40_MD5\r', 0),
	(21, 'TLS_DH_anon_WITH_3DES_EDE_CBC_SHA\r', 0),
	(22, 'TLS_DH_anon_WITH_AES_128_CBC_SHA\r', 0),
	(23, 'TLS_DH_anon_WITH_AES_128_CBC_SHA256\r', 0),
	(24, 'TLS_DH_anon_WITH_AES_128_GCM_SHA256\r', 0),
	(25, 'TLS_DH_anon_WITH_AES_256_CBC_SHA\r', 0),
	(26, 'TLS_DH_anon_WITH_AES_256_CBC_SHA256\r', 0),
	(27, 'TLS_DH_anon_WITH_AES_256_GCM_SHA384\r', 0),
	(28, 'TLS_DH_anon_WITH_CAMELLIA_128_CBC_SHA\r', 0),
	(29, 'TLS_DH_anon_WITH_CAMELLIA_256_CBC_SHA\r', 0),
	(30, 'TLS_DH_anon_WITH_DES_CBC_SHA\r', 0),
	(31, 'TLS_DH_anon_WITH_RC4_128_MD5\r', 0),
	(32, 'TLS_DH_anon_WITH_SEED_CBC_SHA\r', 0),
	(33, 'TLS_DH_DSS_WITH_3DES_EDE_CBC_SHA\r', 0),
	(34, 'TLS_DH_DSS_WITH_AES_128_CBC_SHA\r', 0),
	(35, 'TLS_DH_DSS_WITH_AES_128_CBC_SHA256\r', 0),
	(36, 'TLS_DH_DSS_WITH_AES_128_GCM_SHA256\r', 0),
	(37, 'TLS_DH_DSS_WITH_AES_256_CBC_SHA\r', 0),
	(38, 'TLS_DH_DSS_WITH_AES_256_CBC_SHA256\r', 0),
	(39, 'TLS_DH_DSS_WITH_AES_256_GCM_SHA384\r', 0),
	(40, 'TLS_DH_DSS_WITH_CAMELLIA_128_CBC_SHA\r', 0),
	(41, 'TLS_DH_DSS_WITH_CAMELLIA_256_CBC_SHA\r', 0),
	(42, 'TLS_DH_DSS_WITH_DES_CBC_SHA\r', 0),
	(43, 'TLS_DH_DSS_WITH_SEED_CBC_SHA\r', 0),
	(44, 'TLS_DHE_DSS_EXPORT_WITH_DES40_CBC_SHA\r', 0),
	(45, 'TLS_DHE_DSS_WITH_3DES_EDE_CBC_SHA\r', 0),
	(46, 'TLS_DHE_DSS_WITH_AES_128_CBC_SHA\r', 0),
	(47, 'TLS_DHE_DSS_WITH_AES_128_CBC_SHA256\r', 0),
	(48, 'TLS_DHE_DSS_WITH_AES_128_GCM_SHA256\r', 0),
	(49, 'TLS_DHE_DSS_WITH_AES_256_CBC_SHA\r', 0),
	(50, 'TLS_DHE_DSS_WITH_AES_256_CBC_SHA256\r', 0),
	(51, 'TLS_DHE_DSS_WITH_AES_256_GCM_SHA384\r', 0),
	(52, 'TLS_DHE_DSS_WITH_ARIA_128_GCM_SHA256\r', 0),
	(53, 'TLS_DHE_DSS_WITH_ARIA_256_GCM_SHA384\r', 0),
	(54, 'TLS_DHE_DSS_WITH_CAMELLIA_128_CBC_SHA\r', 0),
	(55, 'TLS_DHE_DSS_WITH_CAMELLIA_128_CBC_SHA256\r', 0),
	(56, 'TLS_DHE_DSS_WITH_CAMELLIA_256_CBC_SHA\r', 0),
	(57, 'TLS_DHE_DSS_WITH_CAMELLIA_256_CBC_SHA256\r', 0),
	(58, 'TLS_DHE_DSS_WITH_DES_CBC_SHA\r', 0),
	(59, 'TLS_DHE_DSS_WITH_SEED_CBC_SHA\r', 0),
	(60, 'TLS_DHE_RSA_EXPORT_WITH_DES40_CBC_SHA\r', 0),
	(61, 'TLS_DHE_RSA_WITH_3DES_EDE_CBC_SHA\r', 0),
	(62, 'TLS_DHE_RSA_WITH_AES_128_CBC_SHA\r', 0),
	(63, 'TLS_DHE_RSA_WITH_AES_128_CBC_SHA256\r', 0),
	(64, 'TLS_DHE_RSA_WITH_AES_128_CCM\r', 0),
	(65, 'TLS_DHE_RSA_WITH_AES_128_CCM_8\r', 0),
	(66, 'TLS_DHE_RSA_WITH_AES_128_GCM_SHA256\r', 1),
	(67, 'TLS_DHE_RSA_WITH_AES_256_CBC_SHA\r', 0),
	(68, 'TLS_DHE_RSA_WITH_AES_256_CBC_SHA256\r', 0),
	(69, 'TLS_DHE_RSA_WITH_AES_256_CCM\r', 0),
	(70, 'TLS_DHE_RSA_WITH_AES_256_CCM_8\r', 0),
	(71, 'TLS_DHE_RSA_WITH_AES_256_GCM_SHA384\r', 1),
	(72, 'TLS_DHE_RSA_WITH_ARIA_128_GCM_SHA256\r', 0),
	(73, 'TLS_DHE_RSA_WITH_ARIA_256_GCM_SHA384\r', 0),
	(74, 'TLS_DHE_RSA_WITH_CAMELLIA_128_CBC_SHA\r', 0),
	(75, 'TLS_DHE_RSA_WITH_CAMELLIA_128_CBC_SHA256\r', 0),
	(76, 'TLS_DHE_RSA_WITH_CAMELLIA_256_CBC_SHA\r', 0),
	(77, 'TLS_DHE_RSA_WITH_CAMELLIA_256_CBC_SHA256\r', 0),
	(78, 'TLS_DHE_RSA_WITH_CHACHA20_POLY1305_SHA256\r', 0),
	(79, 'TLS_DHE_RSA_WITH_DES_CBC_SHA\r', 0),
	(80, 'TLS_DHE_RSA_WITH_SEED_CBC_SHA\r', 0),
	(81, 'TLS_DH_RSA_WITH_3DES_EDE_CBC_SHA\r', 0),
	(82, 'TLS_DH_RSA_WITH_AES_128_CBC_SHA\r', 0),
	(83, 'TLS_DH_RSA_WITH_AES_128_CBC_SHA256\r', 0),
	(84, 'TLS_DH_RSA_WITH_AES_128_GCM_SHA256\r', 0),
	(85, 'TLS_DH_RSA_WITH_AES_256_CBC_SHA\r', 0),
	(86, 'TLS_DH_RSA_WITH_AES_256_CBC_SHA256\r', 0),
	(87, 'TLS_DH_RSA_WITH_AES_256_GCM_SHA384\r', 0),
	(88, 'TLS_DH_RSA_WITH_CAMELLIA_128_CBC_SHA\r', 0),
	(89, 'TLS_DH_RSA_WITH_CAMELLIA_256_CBC_SHA\r', 0),
	(90, 'TLS_DH_RSA_WITH_DES_CBC_SHA\r', 0),
	(91, 'TLS_DH_RSA_WITH_SEED_CBC_SHA\r', 0),
	(92, 'TLS_ECDH_anon_WITH_3DES_EDE_CBC_SHA\r', 0),
	(93, 'TLS_ECDH_anon_WITH_AES_128_CBC_SHA\r', 0),
	(94, 'TLS_ECDH_anon_WITH_AES_256_CBC_SHA\r', 0),
	(95, 'TLS_ECDH_anon_WITH_NULL_SHA\r', 0),
	(96, 'TLS_ECDH_anon_WITH_RC4_128_SHA\r', 0),
	(97, 'TLS_ECDH_ECDSA_WITH_3DES_EDE_CBC_SHA\r', 0),
	(98, 'TLS_ECDH_ECDSA_WITH_AES_128_CBC_SHA\r', 0),
	(99, 'TLS_ECDH_ECDSA_WITH_AES_128_CBC_SHA256\r', 0),
	(100, 'TLS_ECDH_ECDSA_WITH_AES_128_GCM_SHA256\r', 1),
	(101, 'TLS_ECDH_ECDSA_WITH_AES_256_CBC_SHA\r', 0),
	(102, 'TLS_ECDH_ECDSA_WITH_AES_256_CBC_SHA384\r', 0),
	(103, 'TLS_ECDH_ECDSA_WITH_AES_256_GCM_SHA384\r', 1),
	(104, 'TLS_ECDH_ECDSA_WITH_NULL_SHA\r', 0),
	(105, 'TLS_ECDH_ECDSA_WITH_RC4_128_SHA\r', 0),
	(106, 'TLS_ECDHE_ECDSA_WITH_3DES_EDE_CBC_SHA\r', 0),
	(107, 'TLS_ECDHE_ECDSA_WITH_AES_128_CBC_SHA\r', 0),
	(108, 'TLS_ECDHE_ECDSA_WITH_AES_128_CBC_SHA256\r', 0),
	(109, 'TLS_ECDHE_ECDSA_WITH_AES_128_CCM\r', 0),
	(110, 'TLS_ECDHE_ECDSA_WITH_AES_128_CCM_8\r', 0),
	(111, 'TLS_ECDHE_ECDSA_WITH_AES_128_GCM_SHA256\r', 0),
	(112, 'TLS_ECDHE_ECDSA_WITH_AES_256_CBC_SHA\r', 0),
	(113, 'TLS_ECDHE_ECDSA_WITH_AES_256_CBC_SHA384\r', 0),
	(114, 'TLS_ECDHE_ECDSA_WITH_AES_256_CCM\r', 0),
	(115, 'TLS_ECDHE_ECDSA_WITH_AES_256_CCM_8\r', 0),
	(116, 'TLS_ECDHE_ECDSA_WITH_AES_256_GCM_SHA384\r', 0),
	(117, 'TLS_ECDHE_ECDSA_WITH_ARIA_128_GCM_SHA256\r', 0),
	(118, 'TLS_ECDHE_ECDSA_WITH_ARIA_256_GCM_SHA384\r', 0),
	(119, 'TLS_ECDHE_ECDSA_WITH_CAMELLIA_128_CBC_SHA256\r', 0),
	(120, 'TLS_ECDHE_ECDSA_WITH_CAMELLIA_256_CBC_SHA384\r', 0),
	(121, 'TLS_ECDHE_ECDSA_WITH_CHACHA20_POLY1305_SHA256\r', 1),
	(122, 'TLS_ECDHE_ECDSA_WITH_NULL_SHA\r', 0),
	(123, 'TLS_ECDHE_ECDSA_WITH_RC4_128_SHA\r', 0),
	(124, 'TLS_ECDHE_RSA_WITH_3DES_EDE_CBC_SHA\r', 0),
	(125, 'TLS_ECDHE_RSA_WITH_AES_128_CBC_SHA\r', 0),
	(126, 'TLS_ECDHE_RSA_WITH_AES_128_CBC_SHA256\r', 0),
	(127, 'TLS_ECDHE_RSA_WITH_AES_128_GCM_SHA256\r', 0),
	(128, 'TLS_ECDHE_RSA_WITH_AES_256_CBC_SHA\r', 0),
	(129, 'TLS_ECDHE_RSA_WITH_AES_256_CBC_SHA384\r', 0),
	(130, 'TLS_ECDHE_RSA_WITH_AES_256_GCM_SHA384\r', 0),
	(131, 'TLS_ECDHE_RSA_WITH_ARIA_128_GCM_SHA256\r', 0),
	(132, 'TLS_ECDHE_RSA_WITH_ARIA_256_GCM_SHA384\r', 0),
	(133, 'TLS_ECDHE_RSA_WITH_CAMELLIA_128_CBC_SHA256\r', 0),
	(134, 'TLS_ECDHE_RSA_WITH_CAMELLIA_256_CBC_SHA384\r', 0),
	(135, 'TLS_ECDHE_RSA_WITH_CHACHA20_POLY1305_SHA256\r', 1),
	(136, 'TLS_ECDHE_RSA_WITH_NULL_SHA\r', 0),
	(137, 'TLS_ECDHE_RSA_WITH_RC4_128_SHA\r', 0),
	(138, 'TLS_ECDH_RSA_WITH_3DES_EDE_CBC_SHA\r', 0),
	(139, 'TLS_ECDH_RSA_WITH_AES_128_CBC_SHA\r', 0),
	(140, 'TLS_ECDH_RSA_WITH_AES_128_CBC_SHA256\r', 0),
	(141, 'TLS_ECDH_RSA_WITH_AES_128_GCM_SHA256\r', 1),
	(142, 'TLS_ECDH_RSA_WITH_AES_256_CBC_SHA\r', 0),
	(143, 'TLS_ECDH_RSA_WITH_AES_256_CBC_SHA384\r', 0),
	(144, 'TLS_ECDH_RSA_WITH_AES_256_GCM_SHA384\r', 1),
	(145, 'TLS_ECDH_RSA_WITH_NULL_SHA\r', 0),
	(146, 'TLS_ECDH_RSA_WITH_RC4_128_SHA\r', 0),
	(147, 'TLS_RSA_EXPORT_WITH_DES40_CBC_SHA\r', 0),
	(148, 'TLS_RSA_EXPORT_WITH_RC2_CBC_40_MD5\r', 0),
	(149, 'TLS_RSA_EXPORT_WITH_RC4_40_MD5\r', 0),
	(150, 'TLS_RSA_WITH_3DES_EDE_CBC_SHA\r', 0),
	(151, 'TLS_RSA_WITH_AES_128_CBC_SHA\r', 0),
	(152, 'TLS_RSA_WITH_AES_128_CBC_SHA256\r', 0),
	(153, 'TLS_RSA_WITH_AES_128_CCM\r', 0),
	(154, 'TLS_RSA_WITH_AES_128_CCM_8\r', 0),
	(155, 'TLS_RSA_WITH_AES_128_GCM_SHA256\r', 0),
	(156, 'TLS_RSA_WITH_AES_256_CBC_SHA\r', 0),
	(157, 'TLS_RSA_WITH_AES_256_CBC_SHA256\r', 0),
	(158, 'TLS_RSA_WITH_AES_256_CCM\r', 0),
	(159, 'TLS_RSA_WITH_AES_256_CCM_8\r', 0),
	(160, 'TLS_RSA_WITH_AES_256_GCM_SHA384\r', 0),
	(161, 'TLS_RSA_WITH_ARIA_128_GCM_SHA256\r', 0),
	(162, 'TLS_RSA_WITH_ARIA_256_GCM_SHA384\r', 0),
	(163, 'TLS_RSA_WITH_CAMELLIA_128_CBC_SHA\r', 0),
	(164, 'TLS_RSA_WITH_CAMELLIA_128_CBC_SHA256\r', 0),
	(165, 'TLS_RSA_WITH_CAMELLIA_256_CBC_SHA\r', 0),
	(166, 'TLS_RSA_WITH_CAMELLIA_256_CBC_SHA256\r', 0),
	(167, 'TLS_RSA_WITH_DES_CBC_SHA\r', 0),
	(168, 'TLS_RSA_WITH_IDEA_CBC_SHA\r', 0),
	(169, 'TLS_RSA_WITH_NULL_MD5\r', 0),
	(170, 'TLS_RSA_WITH_NULL_SHA\r', 0),
	(171, 'TLS_RSA_WITH_NULL_SHA256\r', 0),
	(172, 'TLS_RSA_WITH_RC4_128_MD5\r', 0),
	(173, 'TLS_RSA_WITH_RC4_128_SHA\r', 0),
	(174, 'TLS_RSA_WITH_SEED_CBC_SHA', 0),
	(263, 'TLS_RSA_WITH_CAMELLIA_256_CBC_SHA', 0),
	(264, 'TLS_RSA_WITH_CAMELLIA_128_CBC_SHA', 0),
	(265, 'TLS_RSA_WITH_AES_256_CBC_SHA', 0),
	(266, 'TLS_RSA_WITH_AES_128_CBC_SHA', 0),
	(267, 'TLS_RSA_WITH_3DES_EDE_CBC_SHA', 0),
	(268, 'TLS_ECDHE_RSA_WITH_AES_256_CBC_SHA', 0),
	(269, 'TLS_ECDHE_RSA_WITH_AES_128_CBC_SHA', 0),
	(270, 'TLS_ECDHE_RSA_WITH_3DES_EDE_CBC_SHA', 0),
	(271, 'TLS_DHE_RSA_WITH_CAMELLIA_256_CBC_SHA', 0),
	(272, 'TLS_DHE_RSA_WITH_CAMELLIA_128_CBC_SHA', 0),
	(273, 'TLS_DHE_RSA_WITH_AES_256_CBC_SHA', 0),
	(274, 'TLS_DHE_RSA_WITH_AES_128_CBC_SHA', 0),
	(275, 'TLS_RSA_WITH_AES_256_GCM_SHA384', 0),
	(276, 'TLS_RSA_WITH_AES_256_CBC_SHA256', 0),
	(277, 'TLS_RSA_WITH_AES_128_GCM_SHA256', 0),
	(278, 'TLS_RSA_WITH_AES_128_CBC_SHA256', 0),
	(279, 'TLS_ECDHE_RSA_WITH_AES_256_GCM_SHA384', 0),
	(280, 'TLS_ECDHE_RSA_WITH_AES_256_CBC_SHA384', 0),
	(281, 'TLS_ECDHE_RSA_WITH_AES_128_GCM_SHA256', 0),
	(282, 'TLS_ECDHE_RSA_WITH_AES_128_CBC_SHA256', 0),
	(283, 'TLS_DHE_RSA_WITH_AES_256_GCM_SHA384', 0),
	(284, 'TLS_DHE_RSA_WITH_AES_256_CBC_SHA256', 0),
	(285, 'TLS_DHE_RSA_WITH_AES_128_GCM_SHA256', 0),
	(286, 'TLS_DHE_RSA_WITH_AES_128_CBC_SHA256', 0),
	(287, 'TLS_RSA_WITH_AES_256_CCM_8', 0),
	(288, 'TLS_RSA_WITH_AES_256_CCM', 0),
	(289, 'TLS_RSA_WITH_AES_128_CCM_8', 0),
	(290, 'TLS_RSA_WITH_AES_128_CCM', 0),
	(291, 'TLS_DHE_RSA_WITH_AES_256_CCM_8', 0),
	(292, 'TLS_DHE_RSA_WITH_AES_256_CCM', 0),
	(293, 'TLS_DHE_RSA_WITH_AES_128_CCM_8', 0),
	(294, 'TLS_DHE_RSA_WITH_AES_128_CCM', 0),
	(295, 'TLS_ECDHE_RSA_WITH_CHACHA20_POLY1305_SHA256', 0),
	(296, 'TLS_ECDHE_ECDSA_WITH_CHACHA20_POLY1305_SHA256', 0),
	(297, 'TLS_CHACHA20_POLY1305_SHA256', 0),
	(298, 'TLS_AES_256_GCM_SHA384', 0),
	(299, 'TLS_AES_128_GCM_SHA256', 0),
	(300, 'TLS_ECDHE_ECDSA_WITH_AES_256_GCM_SHA384', 0),
	(301, 'TLS_ECDHE_ECDSA_WITH_AES_256_CBC_SHA384', 0),
	(302, 'TLS_ECDHE_ECDSA_WITH_AES_256_CBC_SHA', 0),
	(303, 'TLS_ECDHE_ECDSA_WITH_AES_128_GCM_SHA256', 0),
	(304, 'TLS_ECDHE_ECDSA_WITH_AES_128_CBC_SHA256', 0),
	(305, 'TLS_DHE_RSA_WITH_SEED_CBC_SHA', 0),
	(306, 'TLS_RSA_WITH_CAMELLIA_256_CBC_SHA256', 0),
	(307, 'TLS_RSA_WITH_CAMELLIA_128_CBC_SHA256', 0),
	(308, 'TLS_RSA_WITH_ARIA_256_GCM_SHA384', 0),
	(309, 'TLS_RSA_WITH_ARIA_128_GCM_SHA256', 0),
	(310, 'TLS_ECDHE_RSA_WITH_CAMELLIA_256_CBC_SHA384', 0),
	(311, 'TLS_ECDHE_RSA_WITH_CAMELLIA_128_CBC_SHA256', 0),
	(312, 'TLS_ECDHE_RSA_WITH_ARIA_256_GCM_SHA384', 0),
	(313, 'TLS_ECDHE_RSA_WITH_ARIA_128_GCM_SHA256', 0),
	(314, 'TLS_DHE_RSA_WITH_CHACHA20_POLY1305_SHA256', 0),
	(315, 'TLS_DHE_RSA_WITH_CAMELLIA_256_CBC_SHA256', 0),
	(316, 'TLS_DHE_RSA_WITH_CAMELLIA_128_CBC_SHA256', 0),
	(317, 'TLS_DHE_RSA_WITH_ARIA_256_GCM_SHA384', 0),
	(318, 'TLS_DHE_RSA_WITH_ARIA_128_GCM_SHA256', 0),
	(319, 'TLS_ECDHE_ECDSA_WITH_AES_128_CBC_SHA', 0),
	(320, 'TLS_ECDH_anon_WITH_AES_256_CBC_SHA', 0),
	(321, 'TLS_ECDH_anon_WITH_AES_128_CBC_SHA', 0),
	(322, 'TLS_DH_anon_WITH_CAMELLIA_256_CBC_SHA', 0),
	(323, 'TLS_DH_anon_WITH_CAMELLIA_128_CBC_SHA', 0),
	(324, 'TLS_DH_anon_WITH_AES_256_CBC_SHA', 0),
	(325, 'TLS_DH_anon_WITH_AES_128_CBC_SHA', 0),
	(326, 'TLS_DH_anon_WITH_AES_256_GCM_SHA384', 0),
	(327, 'TLS_DH_anon_WITH_AES_256_CBC_SHA256', 0),
	(328, 'TLS_DH_anon_WITH_AES_128_GCM_SHA256', 0),
	(329, 'TLS_DH_anon_WITH_AES_128_CBC_SHA256', 0);

-- Dumping structure for table certchecker.site
CREATE TABLE IF NOT EXISTS `site` (
  `site_id` int NOT NULL AUTO_INCREMENT,
  `address` varchar(256) COLLATE utf8_unicode_ci DEFAULT NULL,
  `highestssl` varchar(64) COLLATE utf8_unicode_ci DEFAULT NULL,
  `robotresult` varchar(64) COLLATE utf8_unicode_ci DEFAULT NULL,
  `heartbleed` tinyint DEFAULT NULL,
  `cssinjection` tinyint DEFAULT NULL,
  `renegodos` tinyint DEFAULT NULL,
  `secrenego` tinyint DEFAULT NULL,
  `sslrisk` smallint DEFAULT '0',
  `cypherrisk` smallint DEFAULT '0',
  `daterisk` mediumint DEFAULT '100000',
  `firstts` datetime NOT NULL DEFAULT CURRENT_TIMESTAMP,
  `tryts` datetime NOT NULL DEFAULT CURRENT_TIMESTAMP ON UPDATE CURRENT_TIMESTAMP,
  `successts` datetime DEFAULT NULL,
  `failcount` smallint NOT NULL DEFAULT '0',
  PRIMARY KEY (`site_id`) USING BTREE
) ENGINE=InnoDB AUTO_INCREMENT=35 DEFAULT CHARSET=utf8mb3 COLLATE=utf8_unicode_ci;

-- Dumping data for table certchecker.site: ~10 rows (approximately)
INSERT INTO `site` (`site_id`, `address`, `highestssl`, `robotresult`, `heartbleed`, `cssinjection`, `renegodos`, `secrenego`, `sslrisk`, `cypherrisk`, `daterisk`, `firstts`, `tryts`, `successts`, `failcount`) VALUES
	(6, 'expired.badssl.com', 'TLS_1_2', 'NOT_VULNERABLE_NO_ORACLE', 1, 0, 0, 1, 3, 48, -2563, '2022-04-17 17:51:51', '2022-04-18 17:20:55', '2022-04-17 17:51:51', 0),
	(7, '192.168.1.20', NULL, NULL, NULL, NULL, NULL, NULL, 0, 0, 100000, '2022-04-17 17:54:02', '2022-04-17 20:51:26', NULL, 1),
	(8, '192.168.1.22', 'TLS_1_2', 'NOT_VULNERABLE_NO_ORACLE', 0, 0, 0, 1, 0, 21, 286, '2022-04-17 17:54:08', '2022-04-18 17:20:55', '2022-04-17 17:54:08', 0),
	(9, 'google.com', 'TLS_1_3', 'NOT_VULNERABLE_NO_ORACLE', 0, 0, 0, 1, 2, 24, 63, '2022-04-17 17:54:41', '2022-04-18 17:20:55', '2022-04-17 17:54:41', 0),
	(10, 'gmail.com', 'TLS_1_3', 'NOT_VULNERABLE_NO_ORACLE', 0, 0, 0, 1, 2, 24, 63, '2022-04-17 17:54:59', '2022-04-18 17:20:55', '2022-04-17 17:54:59', 0),
	(11, 'cisco.com', 'TLS_1_2', 'NOT_VULNERABLE_NO_ORACLE', 0, 0, 0, 0, 2, 20, 304, '2022-04-17 17:55:19', '2022-04-18 17:20:55', '2022-04-17 17:55:19', 0),
	(12, 'twitter.com', 'TLS_1_3', 'NOT_VULNERABLE_NO_ORACLE', 0, 0, 0, 1, 0, 11, 238, '2022-04-17 17:55:33', '2022-04-18 17:20:55', '2022-04-17 17:55:33', 0),
	(13, 'securitytabbits.com', 'TLS_1_3', 'NOT_VULNERABLE_NO_ORACLE', 0, 0, 0, 1, 0, 11, 238, '2022-04-17 17:55:51', '2022-04-18 17:20:55', '2022-04-17 17:55:51', 0),
	(14, 'github.com', 'TLS_1_3', 'NOT_VULNERABLE_NO_ORACLE', 0, 0, 0, 1, 0, 21, 331, '2022-04-17 17:56:02', '2022-04-18 17:20:55', '2022-04-17 17:56:02', 0),
	(15, 'getbootstrap.com', 'TLS_1_3', 'NOT_VULNERABLE_NO_ORACLE', 0, 0, 0, 1, 2, 30, 84, '2022-04-17 17:56:38', '2022-04-18 17:20:55', '2022-04-17 17:56:38', 0),
	(16, 'fontawesome.com', 'TLS_1_3', 'NOT_VULNERABLE_NO_ORACLE', 0, 0, 0, 1, 2, 25, 258, '2022-04-17 17:56:52', '2022-04-18 17:20:55', '2022-04-17 17:56:52', 0),
	(17, 'jquery.com', 'TLS_1_2', 'NOT_VULNERABLE_NO_ORACLE', 0, 0, 0, 1, 2, 27, 73, '2022-04-17 17:57:06', '2022-04-18 17:20:55', '2022-04-17 17:57:06', 0),
	(18, 'codepen.io', 'TLS_1_3', 'NOT_VULNERABLE_NO_ORACLE', 0, 0, 0, 1, 0, 21, 48, '2022-04-17 17:57:18', '2022-04-18 17:20:55', '2022-04-17 17:57:18', 0),
	(19, 'www.w3schools.com', 'TLS_1_3', 'NOT_VULNERABLE_NO_ORACLE', 0, 0, 0, 1, 0, 24, 381, '2022-04-17 17:57:56', '2022-04-18 17:20:55', '2022-04-17 17:57:56', 0),
	(20, 'reddit.com:443', 'TLS_1_3', 'NOT_VULNERABLE_NO_ORACLE', 0, 0, 0, 1, 0, 12, 120, '2022-04-17 18:00:53', '2022-04-18 17:20:55', '2022-04-17 18:00:53', 0),
	(21, 'reddit.com:10443', NULL, NULL, NULL, NULL, NULL, NULL, 0, 0, 100000, '2022-04-17 18:01:02', '2022-04-17 20:51:26', NULL, 1),
	(22, 'reddit.com', 'TLS_1_3', 'NOT_VULNERABLE_NO_ORACLE', 0, 0, 0, 1, 0, 12, 120, '2022-04-17 18:01:50', '2022-04-18 17:20:55', '2022-04-17 18:01:50', 0),
	(23, 'www.reddit.com', 'TLS_1_3', 'NOT_VULNERABLE_NO_ORACLE', 0, 0, 0, 1, 0, 12, 120, '2022-04-17 18:01:57', '2022-04-18 17:20:55', '2022-04-17 18:01:57', 0),
	(24, 'ubuntu.com', 'TLS_1_3', 'NOT_VULNERABLE_RSA_NOT_SUPPORTED', 0, 0, 0, 1, 0, 7, 29, '2022-04-17 18:02:52', '2022-04-18 17:20:55', '2022-04-17 18:02:52', 0),
	(25, 'zoom.us', 'TLS_1_2', 'NOT_VULNERABLE_RSA_NOT_SUPPORTED', 0, 0, 0, 1, 0, 8, 44, '2022-04-17 18:03:10', '2022-04-18 17:20:55', '2022-04-17 18:03:10', 0),
	(26, '127.0.0.1', 'TLS_1_3', 'NOT_VULNERABLE_NO_ORACLE', 0, 0, 0, 1, 0, 47, 268, '2022-04-17 18:04:03', '2022-04-18 17:20:55', '2022-04-17 18:04:03', 0),
	(27, 'paloaltonetworks.com', 'TLS_1_3', 'NOT_VULNERABLE_NO_ORACLE', 0, 0, 0, 1, 0, 13, 313, '2022-04-17 18:04:21', '2022-04-18 17:20:55', '2022-04-17 18:04:21', 0),
	(28, 'guitarworld.com', 'TLS_1_3', 'NOT_VULNERABLE_NO_ORACLE', 0, 0, 0, 1, 0, 13, 61, '2022-04-17 18:06:36', '2022-04-18 17:20:55', '2022-04-17 18:06:36', 0),
	(29, 'torlook.info', 'TLS_1_3', 'NOT_VULNERABLE_NO_ORACLE', 0, 0, 0, 1, 2, 23, 77, '2022-04-17 18:07:29', '2022-04-18 17:20:55', '2022-04-17 18:07:29', 0),
	(30, 'undraw.co', 'TLS_1_3', 'NOT_VULNERABLE_RSA_NOT_SUPPORTED', 0, 0, 0, 1, 2, 14, 87, '2022-04-17 18:08:12', '2022-04-18 17:20:55', '2022-04-17 18:08:12', 0),
	(31, 'smtp.dreamhost.com:465', 'TLS_1_3', 'NOT_VULNERABLE_NO_ORACLE', 0, 0, 0, 1, 2, 89, 231, '2022-04-17 18:12:24', '2022-04-18 17:20:56', '2022-04-17 18:12:24', 0),
	(32, 'wikipedia.org', 'TLS_1_3', 'NOT_VULNERABLE_RSA_NOT_SUPPORTED', 0, 0, 0, 1, 0, 9, 53, '2022-04-17 18:13:24', '2022-04-18 17:20:56', '2022-04-17 18:13:24', 0),
	(33, 'pynative.com', 'TLS_1_3', 'NOT_VULNERABLE_NO_ORACLE', 0, 0, 0, 1, 1, 25, 51, '2022-04-17 20:48:54', '2022-04-18 17:20:56', '2022-04-17 20:51:57', 0),
	(34, 'twitch.tv', 'TLS_1_3', 'NOT_VULNERABLE_NO_ORACLE', 0, 0, 0, 1, 0, 13, 344, '2022-04-18 15:16:06', '2022-04-18 17:20:56', '2022-04-18 15:16:06', 0);

-- Dumping structure for table certchecker.sitecert
CREATE TABLE IF NOT EXISTS `sitecert` (
  `site_id` int DEFAULT NULL,
  `serial` varchar(256) CHARACTER SET utf8 COLLATE utf8_unicode_ci DEFAULT NULL,
  `cn` varchar(256) CHARACTER SET utf8 COLLATE utf8_unicode_ci DEFAULT NULL,
  `algoname` varchar(256) COLLATE utf8_unicode_ci DEFAULT NULL,
  `hashname` varchar(256) COLLATE utf8_unicode_ci DEFAULT NULL,
  `algo` varchar(256) COLLATE utf8_unicode_ci DEFAULT NULL,
  `countryName` varchar(256) COLLATE utf8_unicode_ci DEFAULT NULL,
  `stateOrProvinceName` varchar(256) COLLATE utf8_unicode_ci DEFAULT NULL,
  `localityName` varchar(256) COLLATE utf8_unicode_ci DEFAULT NULL,
  `organizationName` varchar(256) CHARACTER SET utf8 COLLATE utf8_unicode_ci DEFAULT NULL,
  `organizationalUnitName` varchar(256) COLLATE utf8_unicode_ci DEFAULT NULL,
  `emailAddress` varchar(256) COLLATE utf8_unicode_ci DEFAULT NULL,
  `commonName` varchar(256) COLLATE utf8_unicode_ci DEFAULT NULL,
  `keysize` mediumint DEFAULT NULL,
  `alive` tinyint DEFAULT '1',
  `expiration` datetime DEFAULT NULL,
  `firstts` datetime DEFAULT CURRENT_TIMESTAMP,
  `updatets` datetime DEFAULT CURRENT_TIMESTAMP ON UPDATE CURRENT_TIMESTAMP,
  KEY `FK_certsite_site` (`site_id`) USING BTREE,
  CONSTRAINT `sitecert_ibfk_1` FOREIGN KEY (`site_id`) REFERENCES `site` (`site_id`) ON DELETE CASCADE ON UPDATE CASCADE
) ENGINE=InnoDB DEFAULT CHARSET=utf8mb3 COLLATE=utf8_unicode_ci ROW_FORMAT=DYNAMIC;

-- Dumping data for table certchecker.sitecert: ~19 rows (approximately)
INSERT INTO `sitecert` (`site_id`, `serial`, `cn`, `algoname`, `hashname`, `algo`, `countryName`, `stateOrProvinceName`, `localityName`, `organizationName`, `organizationalUnitName`, `emailAddress`, `commonName`, `keysize`, `alive`, `expiration`, `firstts`, `updatets`) VALUES
	(6, '99565320202650452861752791156765321481', 'OU=Domain Control Validated,OU=PositiveSSL Wildcard,CN=*.badssl.com', 'sha256WithRSAEncryption', 'sha256', '_RSAPublicKey', 'GB', 'Greater Manchester', 'Salford', 'COMODO CA Limited', NULL, NULL, 'COMODO RSA Domain Validation Secure Server CA', 2048, 1, '2015-04-12 23:59:59', '2022-04-17 17:51:51', '2022-04-17 17:51:52'),
	(6, '57397899145990363081023081275480378375', 'C=GB,ST=Greater Manchester,L=Salford,O=COMODO CA Limited,CN=COMODO RSA Domain Validation Secure Server CA', 'sha384WithRSAEncryption', 'sha384', '_RSAPublicKey', 'GB', 'Greater Manchester', 'Salford', 'COMODO CA Limited', NULL, NULL, 'COMODO RSA Certification Authority', 2048, 1, '2029-02-11 23:59:59', '2022-04-17 17:51:52', '2022-04-17 17:51:52'),
	(6, '52374340215108295845375962883522092578', 'C=GB,ST=Greater Manchester,L=Salford,O=COMODO CA Limited,CN=COMODO RSA Certification Authority', 'sha384WithRSAEncryption', 'sha384', '_RSAPublicKey', 'SE', NULL, NULL, 'AddTrust AB', 'AddTrust External TTP Network', NULL, 'AddTrust External CA Root', 4096, 1, '2020-05-30 10:48:38', '2022-04-17 17:51:52', '2022-04-17 17:51:52'),
	(8, '161209561608601976925116308723767968014', 'CN=securityrabbits.com', 'sha256WithRSAEncryption', 'sha256', '_RSAPublicKey', 'GB', 'Greater Manchester', 'Salford', 'Sectigo Limited', NULL, NULL, 'Sectigo RSA Domain Validation Secure Server CA', 2048, 1, '2023-01-29 23:59:59', '2022-04-17 17:54:08', '2022-04-17 17:54:08'),
	(8, '166627644428940058458651716034439089575', 'C=GB,ST=Greater Manchester,L=Salford,O=Sectigo Limited,CN=Sectigo RSA Domain Validation Secure Server CA', 'sha384WithRSAEncryption', 'sha384', '_RSAPublicKey', 'US', 'New Jersey', 'Jersey City', 'The USERTRUST Network', NULL, NULL, 'USERTrust RSA Certification Authority', 2048, 1, '2030-12-31 23:59:59', '2022-04-17 17:54:08', '2022-04-17 17:54:08'),
	(8, '76359301477803385872276235234032301461', 'C=US,ST=New Jersey,L=Jersey City,O=The USERTRUST Network,CN=USERTrust RSA Certification Authority', 'sha384WithRSAEncryption', 'sha384', '_RSAPublicKey', 'GB', 'Greater Manchester', 'Salford', 'Comodo CA Limited', NULL, NULL, 'AAA Certificate Services', 4096, 1, '2028-12-31 23:59:59', '2022-04-17 17:54:08', '2022-04-17 17:54:08'),
	(8, '1', 'C=GB,ST=Greater Manchester,L=Salford,O=Comodo CA Limited,CN=AAA Certificate Services', 'sha1WithRSAEncryption', 'sha1', '_RSAPublicKey', 'GB', 'Greater Manchester', 'Salford', 'Comodo CA Limited', NULL, NULL, 'AAA Certificate Services', 2048, 1, '2028-12-31 23:59:59', '2022-04-17 17:54:08', '2022-04-17 17:54:08'),
	(9, '127502721819390281842608657486466279250', 'CN=*.google.com', 'sha256WithRSAEncryption', 'sha256', '_EllipticCurvePublicKey', 'US', NULL, NULL, 'Google Trust Services LLC', NULL, NULL, 'GTS CA 1C3', 256, 1, '2022-06-20 01:19:43', '2022-04-17 17:54:41', '2022-04-17 17:54:41'),
	(9, '159612451717983579589660725350', 'C=US,O=Google Trust Services LLC,CN=GTS CA 1C3', 'sha256WithRSAEncryption', 'sha256', '_RSAPublicKey', 'US', NULL, NULL, 'Google Trust Services LLC', NULL, NULL, 'GTS Root R1', 2048, 1, '2027-09-30 00:00:42', '2022-04-17 17:54:41', '2022-04-17 17:54:41'),
	(9, '159159747900478145820483398898491642637', 'C=US,O=Google Trust Services LLC,CN=GTS Root R1', 'sha256WithRSAEncryption', 'sha256', '_RSAPublicKey', 'BE', NULL, NULL, 'GlobalSign nv-sa', 'Root CA', NULL, 'GlobalSign Root CA', 4096, 1, '2028-01-28 00:00:42', '2022-04-17 17:54:41', '2022-04-17 17:54:41'),
	(10, '230325781362582285698479873936137676958', 'CN=gmail.com', 'sha256WithRSAEncryption', 'sha256', '_EllipticCurvePublicKey', 'US', NULL, NULL, 'Google Trust Services LLC', NULL, NULL, 'GTS CA 1C3', 256, 1, '2022-06-20 01:59:59', '2022-04-17 17:54:59', '2022-04-17 17:54:59'),
	(10, '159612451717983579589660725350', 'C=US,O=Google Trust Services LLC,CN=GTS CA 1C3', 'sha256WithRSAEncryption', 'sha256', '_RSAPublicKey', 'US', NULL, NULL, 'Google Trust Services LLC', NULL, NULL, 'GTS Root R1', 2048, 1, '2027-09-30 00:00:42', '2022-04-17 17:54:59', '2022-04-17 17:54:59'),
	(10, '159159747900478145820483398898491642637', 'C=US,O=Google Trust Services LLC,CN=GTS Root R1', 'sha256WithRSAEncryption', 'sha256', '_RSAPublicKey', 'BE', NULL, NULL, 'GlobalSign nv-sa', 'Root CA', NULL, 'GlobalSign Root CA', 4096, 1, '2028-01-28 00:00:42', '2022-04-17 17:54:59', '2022-04-17 17:54:59'),
	(11, '85078360234280833069735334196397055836', 'CN=www.cisco.com,O=Cisco Systems Inc.,L=San Jose,ST=California,C=US', 'sha256WithRSAEncryption', 'sha256', '_RSAPublicKey', 'US', NULL, NULL, 'IdenTrust', 'HydrantID Trusted Certificate Service', NULL, 'HydrantID Server CA O1', 2048, 1, '2023-02-16 20:51:58', '2022-04-17 17:55:19', '2022-04-17 17:55:19'),
	(11, '85078034981552318268408137974808230776', 'C=US,O=IdenTrust,OU=HydrantID Trusted Certificate Service,CN=HydrantID Server CA O1', 'sha256WithRSAEncryption', 'sha256', '_RSAPublicKey', 'US', NULL, NULL, 'IdenTrust', NULL, NULL, 'IdenTrust Commercial Root CA 1', 2048, 1, '2029-12-12 16:56:15', '2022-04-17 17:55:19', '2022-04-17 17:55:19'),
	(11, '13298821034946342390520003877796839426', 'C=US,O=IdenTrust,CN=IdenTrust Commercial Root CA 1', 'sha256WithRSAEncryption', 'sha256', '_RSAPublicKey', 'US', NULL, NULL, 'IdenTrust', NULL, NULL, 'IdenTrust Commercial Root CA 1', 4096, 1, '2034-01-16 18:12:23', '2022-04-17 17:55:19', '2022-04-17 17:55:19'),
	(12, '10735537069793572256093317616288929743', 'C=US,ST=California,L=San Francisco,O=Twitter\\, Inc.,CN=twitter.com', 'sha256WithRSAEncryption', 'sha256', '_RSAPublicKey', 'US', NULL, NULL, 'DigiCert Inc', NULL, NULL, 'DigiCert TLS RSA SHA256 2020 CA1', 2048, 1, '2022-12-12 23:59:59', '2022-04-17 17:55:33', '2022-04-17 17:55:33'),
	(12, '9101305761976670746388865003982847684', 'C=US,O=DigiCert Inc,CN=DigiCert TLS RSA SHA256 2020 CA1', 'sha256WithRSAEncryption', 'sha256', '_RSAPublicKey', 'US', NULL, NULL, 'DigiCert Inc', 'www.digicert.com', NULL, 'DigiCert Global Root CA', 2048, 1, '2031-04-13 23:59:59', '2022-04-17 17:55:33', '2022-04-17 17:55:33'),
	(13, '10735537069793572256093317616288929743', 'C=US,ST=California,L=San Francisco,O=Twitter\\, Inc.,CN=twitter.com', 'sha256WithRSAEncryption', 'sha256', '_RSAPublicKey', 'US', NULL, NULL, 'DigiCert Inc', NULL, NULL, 'DigiCert TLS RSA SHA256 2020 CA1', 2048, 1, '2022-12-12 23:59:59', '2022-04-17 17:55:51', '2022-04-17 17:55:51'),
	(13, '9101305761976670746388865003982847684', 'C=US,O=DigiCert Inc,CN=DigiCert TLS RSA SHA256 2020 CA1', 'sha256WithRSAEncryption', 'sha256', '_RSAPublicKey', 'US', NULL, NULL, 'DigiCert Inc', 'www.digicert.com', NULL, 'DigiCert Global Root CA', 2048, 1, '2031-04-13 23:59:59', '2022-04-17 17:55:51', '2022-04-17 17:55:51'),
	(14, '6773885322784420930520969551946270174', 'C=US,ST=California,L=San Francisco,O=GitHub\\, Inc.,CN=github.com', 'ecdsa-with-SHA384', 'sha384', '_EllipticCurvePublicKey', 'US', NULL, NULL, 'DigiCert Inc', NULL, NULL, 'DigiCert TLS Hybrid ECC SHA384 2020 CA1', 256, 1, '2023-03-15 23:59:59', '2022-04-17 17:56:02', '2022-04-17 17:56:02'),
	(14, '10566067766768619126890179173671052733', 'C=US,O=DigiCert Inc,CN=DigiCert TLS Hybrid ECC SHA384 2020 CA1', 'sha384WithRSAEncryption', 'sha384', '_EllipticCurvePublicKey', 'US', NULL, NULL, 'DigiCert Inc', 'www.digicert.com', NULL, 'DigiCert Global Root CA', 384, 1, '2031-04-13 23:59:59', '2022-04-17 17:56:02', '2022-04-17 17:56:02'),
	(15, '6640553219368807765833952938012980828', 'C=US,ST=California,L=San Francisco,O=Cloudflare\\, Inc.,CN=sni.cloudflaressl.com', 'ecdsa-with-SHA256', 'sha256', '_EllipticCurvePublicKey', 'US', NULL, NULL, 'Cloudflare, Inc.', NULL, NULL, 'Cloudflare Inc ECC CA-3', 256, 1, '2022-07-11 23:59:59', '2022-04-17 17:56:38', '2022-04-17 17:56:38'),
	(15, '13580602362388610137601344763287833660', 'C=US,O=Cloudflare\\, Inc.,CN=Cloudflare Inc ECC CA-3', 'sha256WithRSAEncryption', 'sha256', '_EllipticCurvePublicKey', 'IE', NULL, NULL, 'Baltimore', 'CyberTrust', NULL, 'Baltimore CyberTrust Root', 256, 1, '2024-12-31 23:59:59', '2022-04-17 17:56:38', '2022-04-17 17:56:39'),
	(16, '1979220267391811895570399872092127741', 'C=US,ST=Arkansas,L=Bentonville,O=Fonticons Inc,CN=*.fontawesome.com', 'sha256WithRSAEncryption', 'sha256', '_RSAPublicKey', 'US', NULL, NULL, 'DigiCert Inc', NULL, NULL, 'DigiCert TLS RSA SHA256 2020 CA1', 2048, 1, '2023-01-01 23:59:59', '2022-04-17 17:56:52', '2022-04-17 17:56:52'),
	(16, '9101305761976670746388865003982847684', 'C=US,O=DigiCert Inc,CN=DigiCert TLS RSA SHA256 2020 CA1', 'sha256WithRSAEncryption', 'sha256', '_RSAPublicKey', 'US', NULL, NULL, 'DigiCert Inc', 'www.digicert.com', NULL, 'DigiCert Global Root CA', 2048, 1, '2031-04-13 23:59:59', '2022-04-17 17:56:52', '2022-04-17 17:56:52'),
	(17, '21010163068140821405151297735142858355', 'C=US,ST=California,L=San Francisco,O=Cloudflare\\, Inc.,CN=sni.cloudflaressl.com', 'ecdsa-with-SHA256', 'sha256', '_EllipticCurvePublicKey', 'US', NULL, NULL, 'Cloudflare, Inc.', NULL, NULL, 'Cloudflare Inc ECC CA-3', 256, 1, '2022-06-30 23:59:59', '2022-04-17 17:57:06', '2022-04-17 17:57:06'),
	(17, '13580602362388610137601344763287833660', 'C=US,O=Cloudflare\\, Inc.,CN=Cloudflare Inc ECC CA-3', 'sha256WithRSAEncryption', 'sha256', '_EllipticCurvePublicKey', 'IE', NULL, NULL, 'Baltimore', 'CyberTrust', NULL, 'Baltimore CyberTrust Root', 256, 1, '2024-12-31 23:59:59', '2022-04-17 17:57:06', '2022-04-17 17:57:06'),
	(18, '13869604164892905370883840686180579306', 'C=US,ST=California,L=San Francisco,O=Cloudflare\\, Inc.,CN=codepen.io', 'ecdsa-with-SHA256', 'sha256', '_EllipticCurvePublicKey', 'US', NULL, NULL, 'Cloudflare, Inc.', NULL, NULL, 'Cloudflare Inc ECC CA-3', 256, 1, '2022-06-05 23:59:59', '2022-04-17 17:57:18', '2022-04-17 17:57:18'),
	(18, '13580602362388610137601344763287833660', 'C=US,O=Cloudflare\\, Inc.,CN=Cloudflare Inc ECC CA-3', 'sha256WithRSAEncryption', 'sha256', '_EllipticCurvePublicKey', 'IE', NULL, NULL, 'Baltimore', 'CyberTrust', NULL, 'Baltimore CyberTrust Root', 256, 1, '2024-12-31 23:59:59', '2022-04-17 17:57:18', '2022-04-17 17:57:18'),
	(19, '16126795311117374218868115390513874828', 'C=US,ST=California,L=Los Angeles,O=Edgecast Inc.,CN=*.w3schools.com', 'sha256WithRSAEncryption', 'sha256', '_RSAPublicKey', 'US', NULL, NULL, 'DigiCert Inc', NULL, NULL, 'DigiCert TLS RSA SHA256 2020 CA1', 2048, 1, '2023-05-04 23:59:59', '2022-04-17 17:57:56', '2022-04-17 17:57:56'),
	(19, '9101305761976670746388865003982847684', 'C=US,O=DigiCert Inc,CN=DigiCert TLS RSA SHA256 2020 CA1', 'sha256WithRSAEncryption', 'sha256', '_RSAPublicKey', 'US', NULL, NULL, 'DigiCert Inc', 'www.digicert.com', NULL, 'DigiCert Global Root CA', 2048, 1, '2031-04-13 23:59:59', '2022-04-17 17:57:56', '2022-04-17 17:57:56'),
	(20, '1404080306502866183953345754626584052', 'C=US,ST=CALIFORNIA,L=SAN FRANCISCO,O=Reddit Inc.,CN=*.reddit.com', 'sha256WithRSAEncryption', 'sha256', '_RSAPublicKey', 'US', NULL, NULL, 'DigiCert Inc', NULL, NULL, 'DigiCert TLS RSA SHA256 2020 CA1', 2048, 1, '2022-08-16 23:59:59', '2022-04-17 18:00:53', '2022-04-17 18:00:53'),
	(20, '9101305761976670746388865003982847684', 'C=US,O=DigiCert Inc,CN=DigiCert TLS RSA SHA256 2020 CA1', 'sha256WithRSAEncryption', 'sha256', '_RSAPublicKey', 'US', NULL, NULL, 'DigiCert Inc', 'www.digicert.com', NULL, 'DigiCert Global Root CA', 2048, 1, '2031-04-13 23:59:59', '2022-04-17 18:00:53', '2022-04-17 18:00:53'),
	(22, '1404080306502866183953345754626584052', 'C=US,ST=CALIFORNIA,L=SAN FRANCISCO,O=Reddit Inc.,CN=*.reddit.com', 'sha256WithRSAEncryption', 'sha256', '_RSAPublicKey', 'US', NULL, NULL, 'DigiCert Inc', NULL, NULL, 'DigiCert TLS RSA SHA256 2020 CA1', 2048, 1, '2022-08-16 23:59:59', '2022-04-17 18:01:50', '2022-04-17 18:01:50'),
	(22, '9101305761976670746388865003982847684', 'C=US,O=DigiCert Inc,CN=DigiCert TLS RSA SHA256 2020 CA1', 'sha256WithRSAEncryption', 'sha256', '_RSAPublicKey', 'US', NULL, NULL, 'DigiCert Inc', 'www.digicert.com', NULL, 'DigiCert Global Root CA', 2048, 1, '2031-04-13 23:59:59', '2022-04-17 18:01:50', '2022-04-17 18:01:50'),
	(23, '1404080306502866183953345754626584052', 'C=US,ST=CALIFORNIA,L=SAN FRANCISCO,O=Reddit Inc.,CN=*.reddit.com', 'sha256WithRSAEncryption', 'sha256', '_RSAPublicKey', 'US', NULL, NULL, 'DigiCert Inc', NULL, NULL, 'DigiCert TLS RSA SHA256 2020 CA1', 2048, 1, '2022-08-16 23:59:59', '2022-04-17 18:01:57', '2022-04-17 18:01:57'),
	(23, '9101305761976670746388865003982847684', 'C=US,O=DigiCert Inc,CN=DigiCert TLS RSA SHA256 2020 CA1', 'sha256WithRSAEncryption', 'sha256', '_RSAPublicKey', 'US', NULL, NULL, 'DigiCert Inc', 'www.digicert.com', NULL, 'DigiCert Global Root CA', 2048, 1, '2031-04-13 23:59:59', '2022-04-17 18:01:57', '2022-04-17 18:01:57'),
	(24, '427637729516278220753152409258672777354258', 'CN=ubuntu.com', 'sha256WithRSAEncryption', 'sha256', '_RSAPublicKey', 'US', NULL, NULL, 'Let\'s Encrypt', NULL, NULL, 'R3', 2048, 1, '2022-05-17 10:20:35', '2022-04-17 18:02:53', '2022-04-17 18:02:53'),
	(24, '192961496339968674994309121183282847578', 'C=US,O=Let\'s Encrypt,CN=R3', 'sha256WithRSAEncryption', 'sha256', '_RSAPublicKey', 'US', NULL, NULL, 'Internet Security Research Group', NULL, NULL, 'ISRG Root X1', 2048, 1, '2025-09-15 16:00:00', '2022-04-17 18:02:53', '2022-04-17 18:02:53'),
	(24, '85078200265644417569109389142156118711', 'C=US,O=Internet Security Research Group,CN=ISRG Root X1', 'sha256WithRSAEncryption', 'sha256', '_RSAPublicKey', NULL, NULL, NULL, 'Digital Signature Trust Co.', NULL, NULL, 'DST Root CA X3', 4096, 1, '2024-09-30 18:14:03', '2022-04-17 18:02:53', '2022-04-17 18:02:53'),
	(25, '11318771130560572772588385629593046997', 'C=US,ST=California,L=San Jose,O=Zoom Video Communications\\, Inc.,CN=*.zoom.us', 'sha256WithRSAEncryption', 'sha256', '_RSAPublicKey', 'US', NULL, NULL, 'DigiCert Inc', NULL, NULL, 'DigiCert SHA2 Secure Server CA', 2048, 1, '2022-06-01 12:00:00', '2022-04-17 18:03:10', '2022-04-17 18:03:10'),
	(25, '2646203786665923649276728595390119057', 'C=US,O=DigiCert Inc,CN=DigiCert SHA2 Secure Server CA', 'sha256WithRSAEncryption', 'sha256', '_RSAPublicKey', 'US', NULL, NULL, 'DigiCert Inc', 'www.digicert.com', NULL, 'DigiCert Global Root CA', 2048, 1, '2023-03-08 12:00:00', '2022-04-17 18:03:10', '2022-04-17 18:03:10'),
	(25, '10944719598952040374951832963794454346', 'C=US,O=DigiCert Inc,OU=www.digicert.com,CN=DigiCert Global Root CA', 'sha1WithRSAEncryption', 'sha1', '_RSAPublicKey', 'US', NULL, NULL, 'DigiCert Inc', 'www.digicert.com', NULL, 'DigiCert Global Root CA', 2048, 1, '2031-11-10 00:00:00', '2022-04-17 18:03:10', '2022-04-17 18:03:10'),
	(26, '78605148559533870244582543610411170574', 'CN=securizip.com', 'sha256WithRSAEncryption', 'sha256', '_RSAPublicKey', 'GB', 'Greater Manchester', 'Salford', 'Sectigo Limited', NULL, NULL, 'Sectigo RSA Domain Validation Secure Server CA', 2048, 1, '2023-01-11 23:59:59', '2022-04-17 18:04:03', '2022-04-17 18:04:03'),
	(26, '166627644428940058458651716034439089575', 'C=GB,ST=Greater Manchester,L=Salford,O=Sectigo Limited,CN=Sectigo RSA Domain Validation Secure Server CA', 'sha384WithRSAEncryption', 'sha384', '_RSAPublicKey', 'US', 'New Jersey', 'Jersey City', 'The USERTRUST Network', NULL, NULL, 'USERTrust RSA Certification Authority', 2048, 1, '2030-12-31 23:59:59', '2022-04-17 18:04:03', '2022-04-17 18:04:03'),
	(26, '76359301477803385872276235234032301461', 'C=US,ST=New Jersey,L=Jersey City,O=The USERTRUST Network,CN=USERTrust RSA Certification Authority', 'sha384WithRSAEncryption', 'sha384', '_RSAPublicKey', 'GB', 'Greater Manchester', 'Salford', 'Comodo CA Limited', NULL, NULL, 'AAA Certificate Services', 4096, 1, '2028-12-31 23:59:59', '2022-04-17 18:04:03', '2022-04-17 18:04:03'),
	(26, '1', 'C=GB,ST=Greater Manchester,L=Salford,O=Comodo CA Limited,CN=AAA Certificate Services', 'sha1WithRSAEncryption', 'sha1', '_RSAPublicKey', 'GB', 'Greater Manchester', 'Salford', 'Comodo CA Limited', NULL, NULL, 'AAA Certificate Services', 2048, 1, '2028-12-31 23:59:59', '2022-04-17 18:04:03', '2022-04-17 18:04:03'),
	(27, '2795375729686864768', 'CN=www.paloaltonetworks.com', 'sha256WithRSAEncryption', 'sha256', '_RSAPublicKey', 'US', 'Arizona', 'Scottsdale', 'GoDaddy.com, Inc.', 'http://certs.godaddy.com/repository/', NULL, 'Go Daddy Secure Certificate Authority - G2', 2048, 1, '2023-02-25 07:44:51', '2022-04-17 18:04:21', '2022-04-17 18:04:21'),
	(27, '7', 'C=US,ST=Arizona,L=Scottsdale,O=GoDaddy.com\\, Inc.,OU=http://certs.godaddy.com/repository/,CN=Go Daddy Secure Certificate Authority - G2', 'sha256WithRSAEncryption', 'sha256', '_RSAPublicKey', 'US', 'Arizona', 'Scottsdale', 'GoDaddy.com, Inc.', NULL, NULL, 'Go Daddy Root Certificate Authority - G2', 2048, 1, '2031-05-03 07:00:00', '2022-04-17 18:04:21', '2022-04-17 18:04:21'),
	(27, '1828629', 'C=US,ST=Arizona,L=Scottsdale,O=GoDaddy.com\\, Inc.,CN=Go Daddy Root Certificate Authority - G2', 'sha256WithRSAEncryption', 'sha256', '_RSAPublicKey', 'US', NULL, NULL, 'The Go Daddy Group, Inc.', 'Go Daddy Class 2 Certification Authority', NULL, NULL, 2048, 1, '2031-05-30 07:00:00', '2022-04-17 18:04:21', '2022-04-17 18:04:21'),
	(27, '0', 'C=US,O=The Go Daddy Group\\, Inc.,OU=Go Daddy Class 2 Certification Authority', 'sha1WithRSAEncryption', 'sha1', '_RSAPublicKey', 'US', NULL, NULL, 'The Go Daddy Group, Inc.', 'Go Daddy Class 2 Certification Authority', NULL, NULL, 2048, 1, '2034-06-29 17:06:20', '2022-04-17 18:04:21', '2022-04-17 18:04:21'),
	(28, '387207306768949287186096328352188546023882', 'CN=guitarworld.com', 'sha256WithRSAEncryption', 'sha256', '_RSAPublicKey', 'US', NULL, NULL, 'Let\'s Encrypt', NULL, NULL, 'R3', 2048, 1, '2022-06-18 09:44:33', '2022-04-17 18:06:36', '2022-04-17 18:06:36'),
	(28, '192961496339968674994309121183282847578', 'C=US,O=Let\'s Encrypt,CN=R3', 'sha256WithRSAEncryption', 'sha256', '_RSAPublicKey', 'US', NULL, NULL, 'Internet Security Research Group', NULL, NULL, 'ISRG Root X1', 2048, 1, '2025-09-15 16:00:00', '2022-04-17 18:06:36', '2022-04-17 18:06:36'),
	(28, '85078200265644417569109389142156118711', 'C=US,O=Internet Security Research Group,CN=ISRG Root X1', 'sha256WithRSAEncryption', 'sha256', '_RSAPublicKey', NULL, NULL, NULL, 'Digital Signature Trust Co.', NULL, NULL, 'DST Root CA X3', 4096, 1, '2024-09-30 18:14:03', '2022-04-17 18:06:36', '2022-04-17 18:06:36'),
	(29, '345036776719298243561479395438608175330654', 'CN=torlook.info', 'sha256WithRSAEncryption', 'sha256', '_RSAPublicKey', 'US', NULL, NULL, 'Let\'s Encrypt', NULL, NULL, 'R3', 4096, 1, '2022-07-04 09:34:19', '2022-04-17 18:07:29', '2022-04-17 18:07:29'),
	(29, '192961496339968674994309121183282847578', 'C=US,O=Let\'s Encrypt,CN=R3', 'sha256WithRSAEncryption', 'sha256', '_RSAPublicKey', 'US', NULL, NULL, 'Internet Security Research Group', NULL, NULL, 'ISRG Root X1', 2048, 1, '2025-09-15 16:00:00', '2022-04-17 18:07:29', '2022-04-17 18:07:29'),
	(29, '85078200265644417569109389142156118711', 'C=US,O=Internet Security Research Group,CN=ISRG Root X1', 'sha256WithRSAEncryption', 'sha256', '_RSAPublicKey', NULL, NULL, NULL, 'Digital Signature Trust Co.', NULL, NULL, 'DST Root CA X3', 4096, 1, '2024-09-30 18:14:03', '2022-04-17 18:07:29', '2022-04-17 18:07:29'),
	(30, '7511437558342685919615285331624938406', 'C=US,ST=California,L=San Francisco,O=Cloudflare\\, Inc.,CN=sni.cloudflaressl.com', 'ecdsa-with-SHA256', 'sha256', '_EllipticCurvePublicKey', 'US', NULL, NULL, 'Cloudflare, Inc.', NULL, NULL, 'Cloudflare Inc ECC CA-3', 256, 1, '2022-07-14 23:59:59', '2022-04-17 18:08:12', '2022-04-17 18:08:12'),
	(30, '13580602362388610137601344763287833660', 'C=US,O=Cloudflare\\, Inc.,CN=Cloudflare Inc ECC CA-3', 'sha256WithRSAEncryption', 'sha256', '_EllipticCurvePublicKey', 'IE', NULL, NULL, 'Baltimore', 'CyberTrust', NULL, 'Baltimore CyberTrust Root', 256, 1, '2024-12-31 23:59:59', '2022-04-17 18:08:12', '2022-04-17 18:08:12'),
	(31, '303804128650303880537156530183974914555', 'CN=*.dreamhost.com', 'sha256WithRSAEncryption', 'sha256', '_RSAPublicKey', 'US', 'New Jersey', 'Jersey City', 'The USERTRUST Network', NULL, NULL, 'USERTrust RSA Domain Validation Secure Server CA', 2048, 1, '2022-12-05 23:59:59', '2022-04-17 18:12:24', '2022-04-17 18:12:24'),
	(31, '151866749214236175679897771028740702775', 'C=US,ST=New Jersey,L=Jersey City,O=The USERTRUST Network,CN=USERTrust RSA Domain Validation Secure Server CA', 'sha384WithRSAEncryption', 'sha384', '_RSAPublicKey', 'US', 'New Jersey', 'Jersey City', 'The USERTRUST Network', NULL, NULL, 'USERTrust RSA Certification Authority', 2048, 1, '2029-08-21 23:59:59', '2022-04-17 18:12:24', '2022-04-17 18:12:24'),
	(31, '76359301477803385872276235234032301461', 'C=US,ST=New Jersey,L=Jersey City,O=The USERTRUST Network,CN=USERTrust RSA Certification Authority', 'sha384WithRSAEncryption', 'sha384', '_RSAPublicKey', 'GB', 'Greater Manchester', 'Salford', 'Comodo CA Limited', NULL, NULL, 'AAA Certificate Services', 4096, 1, '2028-12-31 23:59:59', '2022-04-17 18:12:24', '2022-04-17 18:12:24'),
	(31, '1', 'C=GB,ST=Greater Manchester,L=Salford,O=Comodo CA Limited,CN=AAA Certificate Services', 'sha1WithRSAEncryption', 'sha1', '_RSAPublicKey', 'GB', 'Greater Manchester', 'Salford', 'Comodo CA Limited', NULL, NULL, 'AAA Certificate Services', 2048, 1, '2028-12-31 23:59:59', '2022-04-17 18:12:24', '2022-04-17 18:12:24'),
	(32, '304519942402011569431146982803683149087664', 'CN=*.wikipedia.org', 'sha256WithRSAEncryption', 'sha256', '_RSAPublicKey', 'US', NULL, NULL, 'Let\'s Encrypt', NULL, NULL, 'R3', 2048, 1, '2022-06-10 07:45:23', '2022-04-17 18:13:24', '2022-04-17 18:13:24'),
	(32, '192961496339968674994309121183282847578', 'C=US,O=Let\'s Encrypt,CN=R3', 'sha256WithRSAEncryption', 'sha256', '_RSAPublicKey', 'US', NULL, NULL, 'Internet Security Research Group', NULL, NULL, 'ISRG Root X1', 2048, 1, '2025-09-15 16:00:00', '2022-04-17 18:13:24', '2022-04-17 18:13:24'),
	(32, '85078200265644417569109389142156118711', 'C=US,O=Internet Security Research Group,CN=ISRG Root X1', 'sha256WithRSAEncryption', 'sha256', '_RSAPublicKey', NULL, NULL, NULL, 'Digital Signature Trust Co.', NULL, NULL, 'DST Root CA X3', 4096, 1, '2024-09-30 18:14:03', '2022-04-17 18:13:24', '2022-04-17 18:13:24'),
	(33, '364479990473354951679514638638773218163165', 'CN=*.pynative.com', 'ecdsa-with-SHA384', 'sha384', '_EllipticCurvePublicKey', 'US', NULL, NULL, 'Let\'s Encrypt', NULL, NULL, 'E1', 256, 1, '2022-06-08 14:28:00', '2022-04-17 20:48:54', '2022-04-17 20:51:57'),
	(33, '238917698029532949600116015593252145733', 'C=US,O=Let\'s Encrypt,CN=E1', 'ecdsa-with-SHA384', 'sha384', '_EllipticCurvePublicKey', 'US', NULL, NULL, 'Internet Security Research Group', NULL, NULL, 'ISRG Root X2', 384, 1, '2025-09-15 16:00:00', '2022-04-17 20:48:55', '2022-04-17 20:51:57'),
	(33, '10126462700708491348274246233644721251', 'C=US,O=Internet Security Research Group,CN=ISRG Root X2', 'sha256WithRSAEncryption', 'sha256', '_EllipticCurvePublicKey', 'US', NULL, NULL, 'Internet Security Research Group', NULL, NULL, 'ISRG Root X1', 384, 1, '2025-09-15 16:00:00', '2022-04-17 20:48:55', '2022-04-17 20:51:57'),
	(33, '85078200265644417569109389142156118711', 'C=US,O=Internet Security Research Group,CN=ISRG Root X1', 'sha256WithRSAEncryption', 'sha256', '_RSAPublicKey', NULL, NULL, NULL, 'Digital Signature Trust Co.', NULL, NULL, 'DST Root CA X3', 4096, 1, '2024-09-30 18:14:03', '2022-04-17 20:48:55', '2022-04-17 20:51:58'),
	(34, '2018039332306713758835228409977217596', 'CN=twitch.tv', 'sha256WithRSAEncryption', 'sha256', '_RSAPublicKey', 'BE', NULL, NULL, 'GlobalSign nv-sa', NULL, NULL, 'GlobalSign Atlas R3 DV TLS CA 2022 Q1', 2048, 1, '2023-03-28 21:20:30', '2022-04-18 15:16:06', '2022-04-18 15:16:07'),
	(34, '163470126410527663385522955323554126550', 'C=BE,O=GlobalSign nv-sa,CN=GlobalSign Atlas R3 DV TLS CA 2022 Q1', 'sha256WithRSAEncryption', 'sha256', '_RSAPublicKey', NULL, NULL, NULL, 'GlobalSign', 'GlobalSign Root CA - R3', NULL, 'GlobalSign', 2048, 1, '2024-10-20 00:00:00', '2022-04-18 15:16:07', '2022-04-18 15:16:07');

-- Dumping structure for table certchecker.sitedns
CREATE TABLE IF NOT EXISTS `sitedns` (
  `site_id` int NOT NULL AUTO_INCREMENT,
  `dns` varchar(512) CHARACTER SET utf8 COLLATE utf8_unicode_ci DEFAULT NULL,
  `alive` tinyint DEFAULT '1',
  `firstts` datetime NOT NULL DEFAULT CURRENT_TIMESTAMP,
  `updatets` datetime NOT NULL DEFAULT CURRENT_TIMESTAMP ON UPDATE CURRENT_TIMESTAMP,
  KEY `FK_sitedns_site` (`site_id`) USING BTREE,
  CONSTRAINT `FK_sitedns_site` FOREIGN KEY (`site_id`) REFERENCES `site` (`site_id`)
) ENGINE=InnoDB AUTO_INCREMENT=35 DEFAULT CHARSET=utf8mb3 COLLATE=utf8_unicode_ci ROW_FORMAT=DYNAMIC;

-- Dumping data for table certchecker.sitedns: ~147 rows (approximately)
INSERT INTO `sitedns` (`site_id`, `dns`, `alive`, `firstts`, `updatets`) VALUES
	(8, 'securityrabbits.com', 1, '2022-04-17 17:54:09', '2022-04-17 17:54:09'),
	(8, 'www.securityrabbits.com', 1, '2022-04-17 17:54:09', '2022-04-17 17:54:09'),
	(9, '*.google.com', 1, '2022-04-17 17:54:42', '2022-04-17 17:54:42'),
	(9, '*.appengine.google.com', 1, '2022-04-17 17:54:42', '2022-04-17 17:54:42'),
	(9, '*.bdn.dev', 1, '2022-04-17 17:54:42', '2022-04-17 17:54:42'),
	(9, '*.cloud.google.com', 1, '2022-04-17 17:54:42', '2022-04-17 17:54:42'),
	(9, '*.crowdsource.google.com', 1, '2022-04-17 17:54:42', '2022-04-17 17:54:42'),
	(9, '*.datacompute.google.com', 1, '2022-04-17 17:54:42', '2022-04-17 17:54:42'),
	(9, '*.google.ca', 1, '2022-04-17 17:54:42', '2022-04-17 17:54:42'),
	(9, '*.google.cl', 1, '2022-04-17 17:54:42', '2022-04-17 17:54:42'),
	(9, '*.google.co.in', 1, '2022-04-17 17:54:42', '2022-04-17 17:54:42'),
	(9, '*.google.co.jp', 1, '2022-04-17 17:54:42', '2022-04-17 17:54:42'),
	(9, '*.google.co.uk', 1, '2022-04-17 17:54:42', '2022-04-17 17:54:42'),
	(9, '*.google.com.ar', 1, '2022-04-17 17:54:42', '2022-04-17 17:54:42'),
	(9, '*.google.com.au', 1, '2022-04-17 17:54:42', '2022-04-17 17:54:42'),
	(9, '*.google.com.br', 1, '2022-04-17 17:54:42', '2022-04-17 17:54:42'),
	(9, '*.google.com.co', 1, '2022-04-17 17:54:42', '2022-04-17 17:54:42'),
	(9, '*.google.com.mx', 1, '2022-04-17 17:54:42', '2022-04-17 17:54:42'),
	(9, '*.google.com.tr', 1, '2022-04-17 17:54:42', '2022-04-17 17:54:42'),
	(9, '*.google.com.vn', 1, '2022-04-17 17:54:42', '2022-04-17 17:54:42'),
	(9, '*.google.de', 1, '2022-04-17 17:54:42', '2022-04-17 17:54:42'),
	(9, '*.google.es', 1, '2022-04-17 17:54:42', '2022-04-17 17:54:42'),
	(9, '*.google.fr', 1, '2022-04-17 17:54:42', '2022-04-17 17:54:42'),
	(9, '*.google.hu', 1, '2022-04-17 17:54:42', '2022-04-17 17:54:42'),
	(9, '*.google.it', 1, '2022-04-17 17:54:42', '2022-04-17 17:54:42'),
	(9, '*.google.nl', 1, '2022-04-17 17:54:42', '2022-04-17 17:54:42'),
	(9, '*.google.pl', 1, '2022-04-17 17:54:42', '2022-04-17 17:54:42'),
	(9, '*.google.pt', 1, '2022-04-17 17:54:42', '2022-04-17 17:54:42'),
	(9, '*.googleadapis.com', 1, '2022-04-17 17:54:42', '2022-04-17 17:54:42'),
	(9, '*.googleapis.cn', 1, '2022-04-17 17:54:42', '2022-04-17 17:54:42'),
	(9, '*.googlevideo.com', 1, '2022-04-17 17:54:42', '2022-04-17 17:54:42'),
	(9, '*.gstatic.cn', 1, '2022-04-17 17:54:42', '2022-04-17 17:54:42'),
	(9, '*.gstatic-cn.com', 1, '2022-04-17 17:54:42', '2022-04-17 17:54:42'),
	(9, 'googlecnapps.cn', 1, '2022-04-17 17:54:42', '2022-04-17 17:54:42'),
	(9, '*.googlecnapps.cn', 1, '2022-04-17 17:54:42', '2022-04-17 17:54:42'),
	(9, 'googleapps-cn.com', 1, '2022-04-17 17:54:42', '2022-04-17 17:54:42'),
	(9, '*.googleapps-cn.com', 1, '2022-04-17 17:54:42', '2022-04-17 17:54:42'),
	(9, 'gkecnapps.cn', 1, '2022-04-17 17:54:42', '2022-04-17 17:54:42'),
	(9, '*.gkecnapps.cn', 1, '2022-04-17 17:54:42', '2022-04-17 17:54:42'),
	(9, 'googledownloads.cn', 1, '2022-04-17 17:54:42', '2022-04-17 17:54:42'),
	(9, '*.googledownloads.cn', 1, '2022-04-17 17:54:42', '2022-04-17 17:54:42'),
	(9, 'recaptcha.net.cn', 1, '2022-04-17 17:54:42', '2022-04-17 17:54:42'),
	(9, '*.recaptcha.net.cn', 1, '2022-04-17 17:54:42', '2022-04-17 17:54:42'),
	(9, 'recaptcha-cn.net', 1, '2022-04-17 17:54:42', '2022-04-17 17:54:42'),
	(9, '*.recaptcha-cn.net', 1, '2022-04-17 17:54:42', '2022-04-17 17:54:42'),
	(9, 'widevine.cn', 1, '2022-04-17 17:54:42', '2022-04-17 17:54:42'),
	(9, '*.widevine.cn', 1, '2022-04-17 17:54:42', '2022-04-17 17:54:42'),
	(9, 'ampproject.org.cn', 1, '2022-04-17 17:54:42', '2022-04-17 17:54:42'),
	(9, '*.ampproject.org.cn', 1, '2022-04-17 17:54:42', '2022-04-17 17:54:42'),
	(9, 'ampproject.net.cn', 1, '2022-04-17 17:54:42', '2022-04-17 17:54:42'),
	(9, '*.ampproject.net.cn', 1, '2022-04-17 17:54:42', '2022-04-17 17:54:42'),
	(9, 'google-analytics-cn.com', 1, '2022-04-17 17:54:42', '2022-04-17 17:54:42'),
	(9, '*.google-analytics-cn.com', 1, '2022-04-17 17:54:42', '2022-04-17 17:54:42'),
	(9, 'googleadservices-cn.com', 1, '2022-04-17 17:54:42', '2022-04-17 17:54:42'),
	(9, '*.googleadservices-cn.com', 1, '2022-04-17 17:54:42', '2022-04-17 17:54:42'),
	(9, 'googlevads-cn.com', 1, '2022-04-17 17:54:42', '2022-04-17 17:54:42'),
	(9, '*.googlevads-cn.com', 1, '2022-04-17 17:54:42', '2022-04-17 17:54:42'),
	(9, 'googleapis-cn.com', 1, '2022-04-17 17:54:42', '2022-04-17 17:54:42'),
	(9, '*.googleapis-cn.com', 1, '2022-04-17 17:54:42', '2022-04-17 17:54:42'),
	(9, 'googleoptimize-cn.com', 1, '2022-04-17 17:54:42', '2022-04-17 17:54:42'),
	(9, '*.googleoptimize-cn.com', 1, '2022-04-17 17:54:42', '2022-04-17 17:54:42'),
	(9, 'doubleclick-cn.net', 1, '2022-04-17 17:54:42', '2022-04-17 17:54:42'),
	(9, '*.doubleclick-cn.net', 1, '2022-04-17 17:54:42', '2022-04-17 17:54:42'),
	(9, '*.fls.doubleclick-cn.net', 1, '2022-04-17 17:54:42', '2022-04-17 17:54:42'),
	(9, '*.g.doubleclick-cn.net', 1, '2022-04-17 17:54:42', '2022-04-17 17:54:42'),
	(9, 'doubleclick.cn', 1, '2022-04-17 17:54:42', '2022-04-17 17:54:42'),
	(9, '*.doubleclick.cn', 1, '2022-04-17 17:54:42', '2022-04-17 17:54:42'),
	(9, '*.fls.doubleclick.cn', 1, '2022-04-17 17:54:42', '2022-04-17 17:54:42'),
	(9, '*.g.doubleclick.cn', 1, '2022-04-17 17:54:42', '2022-04-17 17:54:42'),
	(9, 'dartsearch-cn.net', 1, '2022-04-17 17:54:42', '2022-04-17 17:54:42'),
	(9, '*.dartsearch-cn.net', 1, '2022-04-17 17:54:42', '2022-04-17 17:54:42'),
	(9, 'googletraveladservices-cn.com', 1, '2022-04-17 17:54:42', '2022-04-17 17:54:42'),
	(9, '*.googletraveladservices-cn.com', 1, '2022-04-17 17:54:42', '2022-04-17 17:54:42'),
	(9, 'googletagservices-cn.com', 1, '2022-04-17 17:54:42', '2022-04-17 17:54:42'),
	(9, '*.googletagservices-cn.com', 1, '2022-04-17 17:54:42', '2022-04-17 17:54:42'),
	(9, 'googletagmanager-cn.com', 1, '2022-04-17 17:54:42', '2022-04-17 17:54:42'),
	(9, '*.googletagmanager-cn.com', 1, '2022-04-17 17:54:42', '2022-04-17 17:54:42'),
	(9, 'googlesyndication-cn.com', 1, '2022-04-17 17:54:42', '2022-04-17 17:54:42'),
	(9, '*.googlesyndication-cn.com', 1, '2022-04-17 17:54:42', '2022-04-17 17:54:42'),
	(9, '*.safeframe.googlesyndication-cn.com', 1, '2022-04-17 17:54:42', '2022-04-17 17:54:42'),
	(9, 'app-measurement-cn.com', 1, '2022-04-17 17:54:42', '2022-04-17 17:54:42'),
	(9, '*.app-measurement-cn.com', 1, '2022-04-17 17:54:42', '2022-04-17 17:54:42'),
	(9, 'gvt1-cn.com', 1, '2022-04-17 17:54:42', '2022-04-17 17:54:42'),
	(9, '*.gvt1-cn.com', 1, '2022-04-17 17:54:42', '2022-04-17 17:54:42'),
	(9, 'gvt2-cn.com', 1, '2022-04-17 17:54:42', '2022-04-17 17:54:42'),
	(9, '*.gvt2-cn.com', 1, '2022-04-17 17:54:42', '2022-04-17 17:54:42'),
	(9, '2mdn-cn.net', 1, '2022-04-17 17:54:42', '2022-04-17 17:54:42'),
	(9, '*.2mdn-cn.net', 1, '2022-04-17 17:54:42', '2022-04-17 17:54:42'),
	(9, 'googleflights-cn.net', 1, '2022-04-17 17:54:42', '2022-04-17 17:54:42'),
	(9, '*.googleflights-cn.net', 1, '2022-04-17 17:54:42', '2022-04-17 17:54:42'),
	(9, 'admob-cn.com', 1, '2022-04-17 17:54:42', '2022-04-17 17:54:42'),
	(9, '*.admob-cn.com', 1, '2022-04-17 17:54:42', '2022-04-17 17:54:42'),
	(9, '*.gstatic.com', 1, '2022-04-17 17:54:42', '2022-04-17 17:54:42'),
	(9, '*.metric.gstatic.com', 1, '2022-04-17 17:54:42', '2022-04-17 17:54:42'),
	(9, '*.gvt1.com', 1, '2022-04-17 17:54:42', '2022-04-17 17:54:42'),
	(9, '*.gcpcdn.gvt1.com', 1, '2022-04-17 17:54:42', '2022-04-17 17:54:42'),
	(9, '*.gvt2.com', 1, '2022-04-17 17:54:42', '2022-04-17 17:54:42'),
	(9, '*.gcp.gvt2.com', 1, '2022-04-17 17:54:42', '2022-04-17 17:54:42'),
	(9, '*.url.google.com', 1, '2022-04-17 17:54:42', '2022-04-17 17:54:42'),
	(9, '*.youtube-nocookie.com', 1, '2022-04-17 17:54:42', '2022-04-17 17:54:42'),
	(9, '*.ytimg.com', 1, '2022-04-17 17:54:42', '2022-04-17 17:54:42'),
	(9, 'android.com', 1, '2022-04-17 17:54:42', '2022-04-17 17:54:42'),
	(9, '*.android.com', 1, '2022-04-17 17:54:42', '2022-04-17 17:54:42'),
	(9, '*.flash.android.com', 1, '2022-04-17 17:54:42', '2022-04-17 17:54:42'),
	(9, 'g.cn', 1, '2022-04-17 17:54:42', '2022-04-17 17:54:42'),
	(9, '*.g.cn', 1, '2022-04-17 17:54:42', '2022-04-17 17:54:42'),
	(9, 'g.co', 1, '2022-04-17 17:54:42', '2022-04-17 17:54:42'),
	(9, '*.g.co', 1, '2022-04-17 17:54:42', '2022-04-17 17:54:42'),
	(9, 'goo.gl', 1, '2022-04-17 17:54:42', '2022-04-17 17:54:42'),
	(9, 'www.goo.gl', 1, '2022-04-17 17:54:42', '2022-04-17 17:54:42'),
	(9, 'google-analytics.com', 1, '2022-04-17 17:54:42', '2022-04-17 17:54:42'),
	(9, '*.google-analytics.com', 1, '2022-04-17 17:54:42', '2022-04-17 17:54:42'),
	(9, 'google.com', 1, '2022-04-17 17:54:42', '2022-04-17 17:54:42'),
	(9, 'googlecommerce.com', 1, '2022-04-17 17:54:42', '2022-04-17 17:54:42'),
	(9, '*.googlecommerce.com', 1, '2022-04-17 17:54:42', '2022-04-17 17:54:42'),
	(9, 'ggpht.cn', 1, '2022-04-17 17:54:42', '2022-04-17 17:54:42'),
	(9, '*.ggpht.cn', 1, '2022-04-17 17:54:42', '2022-04-17 17:54:42'),
	(9, 'urchin.com', 1, '2022-04-17 17:54:42', '2022-04-17 17:54:42'),
	(9, '*.urchin.com', 1, '2022-04-17 17:54:42', '2022-04-17 17:54:42'),
	(9, 'youtu.be', 1, '2022-04-17 17:54:42', '2022-04-17 17:54:42'),
	(9, 'youtube.com', 1, '2022-04-17 17:54:42', '2022-04-17 17:54:42'),
	(9, '*.youtube.com', 1, '2022-04-17 17:54:42', '2022-04-17 17:54:42'),
	(9, 'youtubeeducation.com', 1, '2022-04-17 17:54:42', '2022-04-17 17:54:42'),
	(9, '*.youtubeeducation.com', 1, '2022-04-17 17:54:42', '2022-04-17 17:54:42'),
	(9, 'youtubekids.com', 1, '2022-04-17 17:54:42', '2022-04-17 17:54:42'),
	(9, '*.youtubekids.com', 1, '2022-04-17 17:54:42', '2022-04-17 17:54:42'),
	(9, 'yt.be', 1, '2022-04-17 17:54:42', '2022-04-17 17:54:42'),
	(9, '*.yt.be', 1, '2022-04-17 17:54:42', '2022-04-17 17:54:42'),
	(9, 'android.clients.google.com', 1, '2022-04-17 17:54:43', '2022-04-17 17:54:43'),
	(9, 'developer.android.google.cn', 1, '2022-04-17 17:54:43', '2022-04-17 17:54:43'),
	(9, 'developers.android.google.cn', 1, '2022-04-17 17:54:43', '2022-04-17 17:54:43'),
	(9, 'source.android.google.cn', 1, '2022-04-17 17:54:43', '2022-04-17 17:54:43'),
	(10, 'gmail.com', 1, '2022-04-17 17:55:00', '2022-04-17 17:55:00'),
	(10, '*.gmail.com', 1, '2022-04-17 17:55:00', '2022-04-17 17:55:00'),
	(11, 'cisco-images.cisco.com', 1, '2022-04-17 17:55:19', '2022-04-17 17:55:19'),
	(11, 'cisco.com', 1, '2022-04-17 17:55:19', '2022-04-17 17:55:19'),
	(11, 'www-01.cisco.com', 1, '2022-04-17 17:55:19', '2022-04-17 17:55:19'),
	(11, 'www-02.cisco.com', 1, '2022-04-17 17:55:19', '2022-04-17 17:55:19'),
	(11, 'www-rtp.cisco.com', 1, '2022-04-17 17:55:19', '2022-04-17 17:55:19'),
	(11, 'www.cisco.com', 1, '2022-04-17 17:55:19', '2022-04-17 17:55:19'),
	(11, 'www.mediafiles-cisco.com', 1, '2022-04-17 17:55:19', '2022-04-17 17:55:19'),
	(11, 'www.static-cisco.com', 1, '2022-04-17 17:55:19', '2022-04-17 17:55:19'),
	(11, 'www1.cisco.com', 1, '2022-04-17 17:55:20', '2022-04-17 17:55:20'),
	(11, 'www2.cisco.com', 1, '2022-04-17 17:55:20', '2022-04-17 17:55:20'),
	(11, 'www3.cisco.com', 1, '2022-04-17 17:55:20', '2022-04-17 17:55:20'),
	(12, 'twitter.com', 1, '2022-04-17 17:55:34', '2022-04-17 17:55:34'),
	(12, 'www.twitter.com', 1, '2022-04-17 17:55:34', '2022-04-17 17:55:34'),
	(13, 'twitter.com', 1, '2022-04-17 17:55:52', '2022-04-17 17:55:52'),
	(13, 'www.twitter.com', 1, '2022-04-17 17:55:52', '2022-04-17 17:55:52'),
	(14, 'github.com', 1, '2022-04-17 17:56:03', '2022-04-17 17:56:03'),
	(14, 'www.github.com', 1, '2022-04-17 17:56:03', '2022-04-17 17:56:03'),
	(15, 'sni.cloudflaressl.com', 1, '2022-04-17 17:56:39', '2022-04-17 17:56:39'),
	(15, 'getbootstrap.com', 1, '2022-04-17 17:56:39', '2022-04-17 17:56:39'),
	(15, '*.getbootstrap.com', 1, '2022-04-17 17:56:39', '2022-04-17 17:56:39'),
	(16, '*.fontawesome.com', 1, '2022-04-17 17:56:53', '2022-04-17 17:56:53'),
	(16, 'fontawesome.com', 1, '2022-04-17 17:56:53', '2022-04-17 17:56:53'),
	(17, '*.jquery.com', 1, '2022-04-17 17:57:07', '2022-04-17 17:57:07'),
	(17, 'sni.cloudflaressl.com', 1, '2022-04-17 17:57:07', '2022-04-17 17:57:07'),
	(17, 'jquery.com', 1, '2022-04-17 17:57:07', '2022-04-17 17:57:07'),
	(18, '*.codepen.io', 1, '2022-04-17 17:57:19', '2022-04-17 17:57:19'),
	(18, 'codepen.io', 1, '2022-04-17 17:57:19', '2022-04-17 17:57:19'),
	(19, '*.w3schools.com', 1, '2022-04-17 17:57:56', '2022-04-17 17:57:56'),
	(19, 'w3schools.com', 1, '2022-04-17 17:57:56', '2022-04-17 17:57:56'),
	(20, '*.reddit.com', 1, '2022-04-17 18:00:53', '2022-04-17 18:00:53'),
	(20, 'reddit.com', 1, '2022-04-17 18:00:53', '2022-04-17 18:00:53'),
	(22, '*.reddit.com', 1, '2022-04-17 18:01:51', '2022-04-17 18:01:51'),
	(22, 'reddit.com', 1, '2022-04-17 18:01:51', '2022-04-17 18:01:51'),
	(23, '*.reddit.com', 1, '2022-04-17 18:01:57', '2022-04-17 18:01:57'),
	(23, 'reddit.com', 1, '2022-04-17 18:01:57', '2022-04-17 18:01:57'),
	(24, 'ubuntu.com', 1, '2022-04-17 18:02:53', '2022-04-17 18:02:53'),
	(24, 'www.ubuntu.com', 1, '2022-04-17 18:02:53', '2022-04-17 18:02:53'),
	(25, '*.zoom.us', 1, '2022-04-17 18:03:10', '2022-04-17 18:03:10'),
	(25, 'zoom.us', 1, '2022-04-17 18:03:10', '2022-04-17 18:03:10'),
	(26, 'securizip.com', 1, '2022-04-17 18:04:04', '2022-04-17 18:04:04'),
	(26, 'www.securizip.com', 1, '2022-04-17 18:04:04', '2022-04-17 18:04:04'),
	(27, 'get.info.paloaltonetworks.com', 1, '2022-04-17 18:04:21', '2022-04-17 18:04:21'),
	(27, 'aws.paloaltonetworks.com', 1, '2022-04-17 18:04:21', '2022-04-17 18:04:21'),
	(27, 'events.paloaltonetworks.com', 1, '2022-04-17 18:04:21', '2022-04-17 18:04:21'),
	(27, 'compete.paloaltonetworks.com', 1, '2022-04-17 18:04:21', '2022-04-17 18:04:21'),
	(27, 'www.paloaltonetworks.com', 1, '2022-04-17 18:04:22', '2022-04-17 18:04:22'),
	(27, 'paloaltonetworks.com', 1, '2022-04-17 18:04:22', '2022-04-17 18:04:22'),
	(27, 'marketing.paloaltonetworks.com', 1, '2022-04-17 18:04:22', '2022-04-17 18:04:22'),
	(27, 'googlecloud.paloaltonetworks.com', 1, '2022-04-17 18:04:22', '2022-04-17 18:04:22'),
	(27, 'azure.paloaltonetworks.com', 1, '2022-04-17 18:04:22', '2022-04-17 18:04:22'),
	(28, 'guitarworld.com', 1, '2022-04-17 18:06:36', '2022-04-17 18:06:36'),
	(28, 'www.guitarworld.com', 1, '2022-04-17 18:06:36', '2022-04-17 18:06:36'),
	(29, '*.torlook.info', 1, '2022-04-17 18:07:30', '2022-04-17 18:07:30'),
	(29, 'torlook.info', 1, '2022-04-17 18:07:30', '2022-04-17 18:07:30'),
	(30, 'sni.cloudflaressl.com', 1, '2022-04-17 18:08:13', '2022-04-17 18:08:13'),
	(30, '*.undraw.co', 1, '2022-04-17 18:08:13', '2022-04-17 18:08:13'),
	(30, 'undraw.co', 1, '2022-04-17 18:08:13', '2022-04-17 18:08:13'),
	(31, '*.dreamhost.com', 1, '2022-04-17 18:12:27', '2022-04-17 18:12:27'),
	(31, 'dreamhost.com', 1, '2022-04-17 18:12:27', '2022-04-17 18:12:27'),
	(32, '*.m.mediawiki.org', 1, '2022-04-17 18:13:24', '2022-04-17 18:13:24'),
	(32, '*.m.wikibooks.org', 1, '2022-04-17 18:13:24', '2022-04-17 18:13:24'),
	(32, '*.m.wikidata.org', 1, '2022-04-17 18:13:24', '2022-04-17 18:13:24'),
	(32, '*.m.wikimedia.org', 1, '2022-04-17 18:13:24', '2022-04-17 18:13:24'),
	(32, '*.m.wikinews.org', 1, '2022-04-17 18:13:24', '2022-04-17 18:13:24'),
	(32, '*.m.wikipedia.org', 1, '2022-04-17 18:13:24', '2022-04-17 18:13:24'),
	(32, '*.m.wikiquote.org', 1, '2022-04-17 18:13:24', '2022-04-17 18:13:24'),
	(32, '*.m.wikisource.org', 1, '2022-04-17 18:13:24', '2022-04-17 18:13:24'),
	(32, '*.m.wikiversity.org', 1, '2022-04-17 18:13:24', '2022-04-17 18:13:24'),
	(32, '*.m.wikivoyage.org', 1, '2022-04-17 18:13:24', '2022-04-17 18:13:24'),
	(32, '*.m.wiktionary.org', 1, '2022-04-17 18:13:24', '2022-04-17 18:13:24'),
	(32, '*.mediawiki.org', 1, '2022-04-17 18:13:24', '2022-04-17 18:13:24'),
	(32, '*.planet.wikimedia.org', 1, '2022-04-17 18:13:24', '2022-04-17 18:13:24'),
	(32, '*.wikibooks.org', 1, '2022-04-17 18:13:24', '2022-04-17 18:13:24'),
	(32, '*.wikidata.org', 1, '2022-04-17 18:13:24', '2022-04-17 18:13:24'),
	(32, '*.wikimedia.org', 1, '2022-04-17 18:13:24', '2022-04-17 18:13:24'),
	(32, '*.wikimediafoundation.org', 1, '2022-04-17 18:13:25', '2022-04-17 18:13:25'),
	(32, '*.wikinews.org', 1, '2022-04-17 18:13:25', '2022-04-17 18:13:25'),
	(32, '*.wikipedia.org', 1, '2022-04-17 18:13:25', '2022-04-17 18:13:25'),
	(32, '*.wikiquote.org', 1, '2022-04-17 18:13:25', '2022-04-17 18:13:25'),
	(32, '*.wikisource.org', 1, '2022-04-17 18:13:25', '2022-04-17 18:13:25'),
	(32, '*.wikiversity.org', 1, '2022-04-17 18:13:25', '2022-04-17 18:13:25'),
	(32, '*.wikivoyage.org', 1, '2022-04-17 18:13:25', '2022-04-17 18:13:25'),
	(32, '*.wiktionary.org', 1, '2022-04-17 18:13:25', '2022-04-17 18:13:25'),
	(32, '*.wmfusercontent.org', 1, '2022-04-17 18:13:25', '2022-04-17 18:13:25'),
	(32, 'mediawiki.org', 1, '2022-04-17 18:13:25', '2022-04-17 18:13:25'),
	(32, 'w.wiki', 1, '2022-04-17 18:13:25', '2022-04-17 18:13:25'),
	(32, 'wikibooks.org', 1, '2022-04-17 18:13:25', '2022-04-17 18:13:25'),
	(32, 'wikidata.org', 1, '2022-04-17 18:13:25', '2022-04-17 18:13:25'),
	(32, 'wikimedia.org', 1, '2022-04-17 18:13:25', '2022-04-17 18:13:25'),
	(32, 'wikimediafoundation.org', 1, '2022-04-17 18:13:25', '2022-04-17 18:13:25'),
	(32, 'wikinews.org', 1, '2022-04-17 18:13:25', '2022-04-17 18:13:25'),
	(32, 'wikipedia.org', 1, '2022-04-17 18:13:25', '2022-04-17 18:13:25'),
	(32, 'wikiquote.org', 1, '2022-04-17 18:13:25', '2022-04-17 18:13:25'),
	(32, 'wikisource.org', 1, '2022-04-17 18:13:25', '2022-04-17 18:13:25'),
	(32, 'wikiversity.org', 1, '2022-04-17 18:13:25', '2022-04-17 18:13:25'),
	(32, 'wikivoyage.org', 1, '2022-04-17 18:13:25', '2022-04-17 18:13:25'),
	(32, 'wiktionary.org', 1, '2022-04-17 18:13:25', '2022-04-17 18:13:25'),
	(32, 'wmfusercontent.org', 1, '2022-04-17 18:13:25', '2022-04-17 18:13:25'),
	(33, '*.pynative.com', 1, '2022-04-17 20:50:09', '2022-04-17 20:51:58'),
	(33, 'pynative.com', 1, '2022-04-17 20:50:09', '2022-04-17 20:51:58'),
	(34, 'twitch.tv', 1, '2022-04-18 15:16:07', '2022-04-18 15:16:07'),
	(34, '*.twitch.tv', 1, '2022-04-18 15:16:07', '2022-04-18 15:16:07');

-- Dumping structure for table certchecker.sitessl
CREATE TABLE IF NOT EXISTS `sitessl` (
  `sitessl_id` int NOT NULL AUTO_INCREMENT,
  `site_id` int DEFAULT NULL,
  `sslsuite_id` int DEFAULT NULL,
  `cyphersuite_id` int DEFAULT NULL,
  `supported` tinyint DEFAULT NULL,
  `accepted` tinyint DEFAULT NULL,
  `alive` tinyint DEFAULT '1',
  `keysize` mediumint DEFAULT NULL,
  `firstts` datetime DEFAULT CURRENT_TIMESTAMP,
  `updatets` datetime DEFAULT CURRENT_TIMESTAMP ON UPDATE CURRENT_TIMESTAMP,
  PRIMARY KEY (`sitessl_id`) USING BTREE,
  KEY `FK_sitecert_sslsuite` (`sslsuite_id`),
  KEY `FK_sitessl_cyphersuite` (`cyphersuite_id`),
  KEY `FK_certsite_site` (`site_id`) USING BTREE,
  CONSTRAINT `FK_certsite_site` FOREIGN KEY (`site_id`) REFERENCES `site` (`site_id`) ON DELETE CASCADE ON UPDATE CASCADE,
  CONSTRAINT `FK_sitecert_sslsuite` FOREIGN KEY (`sslsuite_id`) REFERENCES `sslsuite` (`sslsuite_id`),
  CONSTRAINT `FK_sitessl_cyphersuite` FOREIGN KEY (`cyphersuite_id`) REFERENCES `cyphersuite` (`cyphersuite_id`)
) ENGINE=InnoDB AUTO_INCREMENT=607 DEFAULT CHARSET=utf8mb3 COLLATE=utf8_unicode_ci;

-- Dumping data for table certchecker.sitessl: ~190 rows (approximately)
INSERT INTO `sitessl` (`sitessl_id`, `site_id`, `sslsuite_id`, `cyphersuite_id`, `supported`, `accepted`, `alive`, `keysize`, `firstts`, `updatets`) VALUES
	(3, 6, 3, 263, 1, 1, 1, 256, '2022-04-17 17:51:52', '2022-04-17 17:51:52'),
	(4, 6, 3, 264, 1, 1, 1, 128, '2022-04-17 17:51:52', '2022-04-17 17:51:52'),
	(5, 6, 3, 265, 1, 1, 1, 256, '2022-04-17 17:51:52', '2022-04-17 17:51:52'),
	(6, 6, 3, 266, 1, 1, 1, 128, '2022-04-17 17:51:52', '2022-04-17 17:51:52'),
	(7, 6, 3, 267, 1, 1, 1, 168, '2022-04-17 17:51:52', '2022-04-17 17:51:52'),
	(8, 6, 3, 268, 1, 1, 1, 256, '2022-04-17 17:51:52', '2022-04-17 17:51:52'),
	(9, 6, 3, 269, 1, 1, 1, 128, '2022-04-17 17:51:52', '2022-04-17 17:51:52'),
	(10, 6, 3, 270, 1, 1, 1, 168, '2022-04-17 17:51:52', '2022-04-17 17:51:52'),
	(11, 6, 3, 271, 1, 1, 1, 256, '2022-04-17 17:51:52', '2022-04-17 17:51:52'),
	(12, 6, 3, 272, 1, 1, 1, 128, '2022-04-17 17:51:52', '2022-04-17 17:51:52'),
	(13, 6, 3, 273, 1, 1, 1, 256, '2022-04-17 17:51:52', '2022-04-17 17:51:52'),
	(14, 6, 3, 274, 1, 1, 1, 128, '2022-04-17 17:51:52', '2022-04-17 17:51:52'),
	(15, 6, 4, 263, 1, 1, 1, 256, '2022-04-17 17:51:52', '2022-04-17 17:51:52'),
	(16, 6, 4, 264, 1, 1, 1, 128, '2022-04-17 17:51:52', '2022-04-17 17:51:52'),
	(17, 6, 4, 265, 1, 1, 1, 256, '2022-04-17 17:51:52', '2022-04-17 17:51:52'),
	(18, 6, 4, 266, 1, 1, 1, 128, '2022-04-17 17:51:52', '2022-04-17 17:51:52'),
	(19, 6, 4, 267, 1, 1, 1, 168, '2022-04-17 17:51:52', '2022-04-17 17:51:52'),
	(20, 6, 4, 268, 1, 1, 1, 256, '2022-04-17 17:51:52', '2022-04-17 17:51:52'),
	(21, 6, 4, 269, 1, 1, 1, 128, '2022-04-17 17:51:52', '2022-04-17 17:51:52'),
	(22, 6, 4, 270, 1, 1, 1, 168, '2022-04-17 17:51:52', '2022-04-17 17:51:52'),
	(23, 6, 4, 271, 1, 1, 1, 256, '2022-04-17 17:51:52', '2022-04-17 17:51:52'),
	(24, 6, 4, 272, 1, 1, 1, 128, '2022-04-17 17:51:52', '2022-04-17 17:51:52'),
	(25, 6, 4, 273, 1, 1, 1, 256, '2022-04-17 17:51:52', '2022-04-17 17:51:52'),
	(26, 6, 4, 274, 1, 1, 1, 128, '2022-04-17 17:51:52', '2022-04-17 17:51:52'),
	(27, 6, 5, 263, 1, 1, 1, 256, '2022-04-17 17:51:52', '2022-04-17 17:51:52'),
	(28, 6, 5, 264, 1, 1, 1, 128, '2022-04-17 17:51:52', '2022-04-17 17:51:52'),
	(29, 6, 5, 275, 1, 1, 1, 256, '2022-04-17 17:51:53', '2022-04-17 17:51:53'),
	(30, 6, 5, 276, 1, 1, 1, 256, '2022-04-17 17:51:53', '2022-04-17 17:51:53'),
	(31, 6, 5, 265, 1, 1, 1, 256, '2022-04-17 17:51:53', '2022-04-17 17:51:53'),
	(32, 6, 5, 277, 1, 1, 1, 128, '2022-04-17 17:51:53', '2022-04-17 17:51:53'),
	(33, 6, 5, 278, 1, 1, 1, 128, '2022-04-17 17:51:53', '2022-04-17 17:51:53'),
	(34, 6, 5, 266, 1, 1, 1, 128, '2022-04-17 17:51:53', '2022-04-17 17:51:53'),
	(35, 6, 5, 267, 1, 1, 1, 168, '2022-04-17 17:51:53', '2022-04-17 17:51:53'),
	(36, 6, 5, 279, 1, 1, 1, 256, '2022-04-17 17:51:53', '2022-04-17 17:51:53'),
	(37, 6, 5, 280, 1, 1, 1, 256, '2022-04-17 17:51:53', '2022-04-17 17:51:53'),
	(38, 6, 5, 268, 1, 1, 1, 256, '2022-04-17 17:51:53', '2022-04-17 17:51:53'),
	(39, 6, 5, 281, 1, 1, 1, 128, '2022-04-17 17:51:53', '2022-04-17 17:51:53'),
	(40, 6, 5, 282, 1, 1, 1, 128, '2022-04-17 17:51:53', '2022-04-17 17:51:53'),
	(41, 6, 5, 269, 1, 1, 1, 128, '2022-04-17 17:51:53', '2022-04-17 17:51:53'),
	(42, 6, 5, 270, 1, 1, 1, 168, '2022-04-17 17:51:53', '2022-04-17 17:51:53'),
	(43, 6, 5, 271, 1, 1, 1, 256, '2022-04-17 17:51:53', '2022-04-17 17:51:53'),
	(44, 6, 5, 272, 1, 1, 1, 128, '2022-04-17 17:51:53', '2022-04-17 17:51:53'),
	(45, 6, 5, 283, 1, 1, 1, 256, '2022-04-17 17:51:53', '2022-04-17 17:51:53'),
	(46, 6, 5, 284, 1, 1, 1, 256, '2022-04-17 17:51:53', '2022-04-17 17:51:53'),
	(47, 6, 5, 273, 1, 1, 1, 256, '2022-04-17 17:51:53', '2022-04-17 17:51:53'),
	(48, 6, 5, 285, 1, 1, 1, 128, '2022-04-17 17:51:53', '2022-04-17 17:51:53'),
	(49, 6, 5, 286, 1, 1, 1, 128, '2022-04-17 17:51:53', '2022-04-17 17:51:53'),
	(50, 6, 5, 274, 1, 1, 1, 128, '2022-04-17 17:51:53', '2022-04-17 17:51:53'),
	(51, 8, 5, 275, 1, 1, 1, 256, '2022-04-17 17:54:08', '2022-04-17 17:54:08'),
	(52, 8, 5, 287, 1, 1, 1, 128, '2022-04-17 17:54:08', '2022-04-17 17:54:08'),
	(53, 8, 5, 288, 1, 1, 1, 256, '2022-04-17 17:54:08', '2022-04-17 17:54:08'),
	(54, 8, 5, 276, 1, 1, 1, 256, '2022-04-17 17:54:08', '2022-04-17 17:54:08'),
	(55, 8, 5, 289, 1, 1, 1, 128, '2022-04-17 17:54:08', '2022-04-17 17:54:08'),
	(56, 8, 5, 290, 1, 1, 1, 128, '2022-04-17 17:54:08', '2022-04-17 17:54:08'),
	(57, 8, 5, 278, 1, 1, 1, 128, '2022-04-17 17:54:08', '2022-04-17 17:54:08'),
	(58, 8, 5, 266, 1, 1, 1, 128, '2022-04-17 17:54:08', '2022-04-17 17:54:08'),
	(59, 8, 5, 279, 1, 1, 1, 256, '2022-04-17 17:54:08', '2022-04-17 17:54:08'),
	(60, 8, 5, 280, 1, 1, 1, 256, '2022-04-17 17:54:08', '2022-04-17 17:54:09'),
	(61, 8, 5, 268, 1, 1, 1, 256, '2022-04-17 17:54:09', '2022-04-17 17:54:09'),
	(62, 8, 5, 281, 1, 1, 1, 128, '2022-04-17 17:54:09', '2022-04-17 17:54:09'),
	(63, 8, 5, 283, 1, 1, 1, 256, '2022-04-17 17:54:09', '2022-04-17 17:54:09'),
	(64, 8, 5, 291, 1, 1, 1, 256, '2022-04-17 17:54:09', '2022-04-17 17:54:09'),
	(65, 8, 5, 292, 1, 1, 1, 256, '2022-04-17 17:54:09', '2022-04-17 17:54:09'),
	(66, 8, 5, 284, 1, 1, 1, 256, '2022-04-17 17:54:09', '2022-04-17 17:54:09'),
	(67, 8, 5, 285, 1, 1, 1, 128, '2022-04-17 17:54:09', '2022-04-17 17:54:09'),
	(68, 8, 5, 293, 1, 1, 1, 128, '2022-04-17 17:54:09', '2022-04-17 17:54:09'),
	(69, 8, 5, 294, 1, 1, 1, 128, '2022-04-17 17:54:09', '2022-04-17 17:54:09'),
	(70, 8, 5, 286, 1, 1, 1, 128, '2022-04-17 17:54:09', '2022-04-17 17:54:09'),
	(71, 8, 5, 274, 1, 1, 1, 128, '2022-04-17 17:54:09', '2022-04-17 17:54:09'),
	(72, 9, 3, 265, 1, 1, 1, 256, '2022-04-17 17:54:41', '2022-04-17 17:54:41'),
	(73, 9, 3, 266, 1, 1, 1, 128, '2022-04-17 17:54:41', '2022-04-17 17:54:41'),
	(74, 9, 3, 267, 1, 1, 1, 168, '2022-04-17 17:54:41', '2022-04-17 17:54:41'),
	(75, 9, 3, 268, 1, 1, 1, 256, '2022-04-17 17:54:41', '2022-04-17 17:54:41'),
	(76, 9, 3, 269, 1, 1, 1, 128, '2022-04-17 17:54:41', '2022-04-17 17:54:41'),
	(77, 9, 4, 265, 1, 1, 1, 256, '2022-04-17 17:54:41', '2022-04-17 17:54:41'),
	(78, 9, 4, 266, 1, 1, 1, 128, '2022-04-17 17:54:41', '2022-04-17 17:54:41'),
	(79, 9, 4, 267, 1, 1, 1, 168, '2022-04-17 17:54:41', '2022-04-17 17:54:41'),
	(80, 9, 4, 268, 1, 1, 1, 256, '2022-04-17 17:54:41', '2022-04-17 17:54:41'),
	(81, 9, 4, 269, 1, 1, 1, 128, '2022-04-17 17:54:41', '2022-04-17 17:54:41'),
	(82, 9, 5, 275, 1, 1, 1, 256, '2022-04-17 17:54:41', '2022-04-17 17:54:41'),
	(83, 9, 5, 265, 1, 1, 1, 256, '2022-04-17 17:54:41', '2022-04-17 17:54:41'),
	(84, 9, 5, 277, 1, 1, 1, 128, '2022-04-17 17:54:41', '2022-04-17 17:54:41'),
	(85, 9, 5, 266, 1, 1, 1, 128, '2022-04-17 17:54:41', '2022-04-17 17:54:41'),
	(86, 9, 5, 267, 1, 1, 1, 168, '2022-04-17 17:54:42', '2022-04-17 17:54:42'),
	(87, 9, 5, 295, 1, 1, 1, 256, '2022-04-17 17:54:42', '2022-04-17 17:54:42'),
	(88, 9, 5, 279, 1, 1, 1, 256, '2022-04-17 17:54:42', '2022-04-17 17:54:42'),
	(89, 9, 5, 268, 1, 1, 1, 256, '2022-04-17 17:54:42', '2022-04-17 17:54:42'),
	(90, 9, 5, 281, 1, 1, 1, 128, '2022-04-17 17:54:42', '2022-04-17 17:54:42'),
	(91, 9, 5, 269, 1, 1, 1, 128, '2022-04-17 17:54:42', '2022-04-17 17:54:42'),
	(92, 9, 5, 296, 1, 1, 1, 256, '2022-04-17 17:54:42', '2022-04-17 17:54:42'),
	(93, 9, 6, 297, 1, 1, 1, 256, '2022-04-17 17:54:42', '2022-04-17 17:54:42'),
	(94, 9, 6, 298, 1, 1, 1, 256, '2022-04-17 17:54:42', '2022-04-17 17:54:42'),
	(95, 9, 6, 299, 1, 1, 1, 128, '2022-04-17 17:54:42', '2022-04-17 17:54:42'),
	(96, 10, 3, 265, 1, 1, 1, 256, '2022-04-17 17:54:59', '2022-04-17 17:54:59'),
	(97, 10, 3, 266, 1, 1, 1, 128, '2022-04-17 17:54:59', '2022-04-17 17:54:59'),
	(98, 10, 3, 267, 1, 1, 1, 168, '2022-04-17 17:54:59', '2022-04-17 17:54:59'),
	(99, 10, 3, 268, 1, 1, 1, 256, '2022-04-17 17:54:59', '2022-04-17 17:54:59'),
	(100, 10, 3, 269, 1, 1, 1, 128, '2022-04-17 17:54:59', '2022-04-17 17:54:59'),
	(101, 10, 4, 265, 1, 1, 1, 256, '2022-04-17 17:54:59', '2022-04-17 17:54:59'),
	(102, 10, 4, 266, 1, 1, 1, 128, '2022-04-17 17:54:59', '2022-04-17 17:54:59'),
	(103, 10, 4, 267, 1, 1, 1, 168, '2022-04-17 17:54:59', '2022-04-17 17:54:59'),
	(104, 10, 4, 268, 1, 1, 1, 256, '2022-04-17 17:54:59', '2022-04-17 17:54:59'),
	(105, 10, 4, 269, 1, 1, 1, 128, '2022-04-17 17:54:59', '2022-04-17 17:54:59'),
	(106, 10, 5, 275, 1, 1, 1, 256, '2022-04-17 17:54:59', '2022-04-17 17:54:59'),
	(107, 10, 5, 265, 1, 1, 1, 256, '2022-04-17 17:54:59', '2022-04-17 17:54:59'),
	(108, 10, 5, 277, 1, 1, 1, 128, '2022-04-17 17:54:59', '2022-04-17 17:54:59'),
	(109, 10, 5, 266, 1, 1, 1, 128, '2022-04-17 17:54:59', '2022-04-17 17:54:59'),
	(110, 10, 5, 267, 1, 1, 1, 168, '2022-04-17 17:54:59', '2022-04-17 17:54:59'),
	(111, 10, 5, 295, 1, 1, 1, 256, '2022-04-17 17:54:59', '2022-04-17 17:54:59'),
	(112, 10, 5, 279, 1, 1, 1, 256, '2022-04-17 17:54:59', '2022-04-17 17:54:59'),
	(113, 10, 5, 268, 1, 1, 1, 256, '2022-04-17 17:54:59', '2022-04-17 17:54:59'),
	(114, 10, 5, 281, 1, 1, 1, 128, '2022-04-17 17:54:59', '2022-04-17 17:54:59'),
	(115, 10, 5, 269, 1, 1, 1, 128, '2022-04-17 17:54:59', '2022-04-17 17:54:59'),
	(116, 10, 5, 296, 1, 1, 1, 256, '2022-04-17 17:55:00', '2022-04-17 17:55:00'),
	(117, 10, 6, 297, 1, 1, 1, 256, '2022-04-17 17:55:00', '2022-04-17 17:55:00'),
	(118, 10, 6, 298, 1, 1, 1, 256, '2022-04-17 17:55:00', '2022-04-17 17:55:00'),
	(119, 10, 6, 299, 1, 1, 1, 128, '2022-04-17 17:55:00', '2022-04-17 17:55:00'),
	(120, 11, 3, 265, 1, 1, 1, 256, '2022-04-17 17:55:19', '2022-04-17 17:55:19'),
	(121, 11, 3, 266, 1, 1, 1, 128, '2022-04-17 17:55:19', '2022-04-17 17:55:19'),
	(122, 11, 3, 268, 1, 1, 1, 256, '2022-04-17 17:55:19', '2022-04-17 17:55:19'),
	(123, 11, 3, 269, 1, 1, 1, 128, '2022-04-17 17:55:19', '2022-04-17 17:55:19'),
	(124, 11, 4, 265, 1, 1, 1, 256, '2022-04-17 17:55:19', '2022-04-17 17:55:19'),
	(125, 11, 4, 266, 1, 1, 1, 128, '2022-04-17 17:55:19', '2022-04-17 17:55:19'),
	(126, 11, 4, 268, 1, 1, 1, 256, '2022-04-17 17:55:19', '2022-04-17 17:55:19'),
	(127, 11, 4, 269, 1, 1, 1, 128, '2022-04-17 17:55:19', '2022-04-17 17:55:19'),
	(128, 11, 5, 275, 1, 1, 1, 256, '2022-04-17 17:55:19', '2022-04-17 17:55:19'),
	(129, 11, 5, 276, 1, 1, 1, 256, '2022-04-17 17:55:19', '2022-04-17 17:55:19'),
	(130, 11, 5, 265, 1, 1, 1, 256, '2022-04-17 17:55:19', '2022-04-17 17:55:19'),
	(131, 11, 5, 277, 1, 1, 1, 128, '2022-04-17 17:55:19', '2022-04-17 17:55:19'),
	(132, 11, 5, 278, 1, 1, 1, 128, '2022-04-17 17:55:19', '2022-04-17 17:55:19'),
	(133, 11, 5, 266, 1, 1, 1, 128, '2022-04-17 17:55:19', '2022-04-17 17:55:19'),
	(134, 11, 5, 279, 1, 1, 1, 256, '2022-04-17 17:55:19', '2022-04-17 17:55:19'),
	(135, 11, 5, 280, 1, 1, 1, 256, '2022-04-17 17:55:19', '2022-04-17 17:55:19'),
	(136, 11, 5, 268, 1, 1, 1, 256, '2022-04-17 17:55:19', '2022-04-17 17:55:19'),
	(137, 11, 5, 281, 1, 1, 1, 128, '2022-04-17 17:55:19', '2022-04-17 17:55:19'),
	(138, 11, 5, 282, 1, 1, 1, 128, '2022-04-17 17:55:19', '2022-04-17 17:55:19'),
	(139, 11, 5, 269, 1, 1, 1, 128, '2022-04-17 17:55:19', '2022-04-17 17:55:19'),
	(140, 12, 5, 275, 1, 1, 1, 256, '2022-04-17 17:55:33', '2022-04-17 17:55:33'),
	(141, 12, 5, 265, 1, 1, 1, 256, '2022-04-17 17:55:33', '2022-04-17 17:55:33'),
	(142, 12, 5, 277, 1, 1, 1, 128, '2022-04-17 17:55:33', '2022-04-17 17:55:33'),
	(143, 12, 5, 266, 1, 1, 1, 128, '2022-04-17 17:55:33', '2022-04-17 17:55:33'),
	(144, 12, 5, 279, 1, 1, 1, 256, '2022-04-17 17:55:33', '2022-04-17 17:55:33'),
	(145, 12, 5, 268, 1, 1, 1, 256, '2022-04-17 17:55:33', '2022-04-17 17:55:33'),
	(146, 12, 5, 281, 1, 1, 1, 128, '2022-04-17 17:55:33', '2022-04-17 17:55:33'),
	(147, 12, 5, 269, 1, 1, 1, 128, '2022-04-17 17:55:33', '2022-04-17 17:55:33'),
	(148, 12, 6, 297, 1, 1, 1, 256, '2022-04-17 17:55:33', '2022-04-17 17:55:34'),
	(149, 12, 6, 298, 1, 1, 1, 256, '2022-04-17 17:55:34', '2022-04-17 17:55:34'),
	(150, 12, 6, 299, 1, 1, 1, 128, '2022-04-17 17:55:34', '2022-04-17 17:55:34'),
	(151, 13, 5, 275, 1, 1, 1, 256, '2022-04-17 17:55:51', '2022-04-17 17:55:51'),
	(152, 13, 5, 265, 1, 1, 1, 256, '2022-04-17 17:55:51', '2022-04-17 17:55:51'),
	(153, 13, 5, 277, 1, 1, 1, 128, '2022-04-17 17:55:51', '2022-04-17 17:55:51'),
	(154, 13, 5, 266, 1, 1, 1, 128, '2022-04-17 17:55:51', '2022-04-17 17:55:51'),
	(155, 13, 5, 279, 1, 1, 1, 256, '2022-04-17 17:55:51', '2022-04-17 17:55:51'),
	(156, 13, 5, 268, 1, 1, 1, 256, '2022-04-17 17:55:51', '2022-04-17 17:55:51'),
	(157, 13, 5, 281, 1, 1, 1, 128, '2022-04-17 17:55:51', '2022-04-17 17:55:51'),
	(158, 13, 5, 269, 1, 1, 1, 128, '2022-04-17 17:55:51', '2022-04-17 17:55:51'),
	(159, 13, 6, 297, 1, 1, 1, 256, '2022-04-17 17:55:51', '2022-04-17 17:55:51'),
	(160, 13, 6, 298, 1, 1, 1, 256, '2022-04-17 17:55:52', '2022-04-17 17:55:52'),
	(161, 13, 6, 299, 1, 1, 1, 128, '2022-04-17 17:55:52', '2022-04-17 17:55:52'),
	(162, 14, 5, 275, 1, 1, 1, 256, '2022-04-17 17:56:02', '2022-04-17 17:56:02'),
	(163, 14, 5, 276, 1, 1, 1, 256, '2022-04-17 17:56:02', '2022-04-17 17:56:02'),
	(164, 14, 5, 265, 1, 1, 1, 256, '2022-04-17 17:56:02', '2022-04-17 17:56:02'),
	(165, 14, 5, 277, 1, 1, 1, 128, '2022-04-17 17:56:02', '2022-04-17 17:56:02'),
	(166, 14, 5, 278, 1, 1, 1, 128, '2022-04-17 17:56:02', '2022-04-17 17:56:02'),
	(167, 14, 5, 266, 1, 1, 1, 128, '2022-04-17 17:56:02', '2022-04-17 17:56:02'),
	(168, 14, 5, 295, 1, 1, 1, 256, '2022-04-17 17:56:02', '2022-04-17 17:56:02'),
	(169, 14, 5, 279, 1, 1, 1, 256, '2022-04-17 17:56:02', '2022-04-17 17:56:02'),
	(170, 14, 5, 280, 1, 1, 1, 256, '2022-04-17 17:56:02', '2022-04-17 17:56:02'),
	(171, 14, 5, 268, 1, 1, 1, 256, '2022-04-17 17:56:02', '2022-04-17 17:56:02'),
	(172, 14, 5, 281, 1, 1, 1, 128, '2022-04-17 17:56:02', '2022-04-17 17:56:02'),
	(173, 14, 5, 282, 1, 1, 1, 128, '2022-04-17 17:56:02', '2022-04-17 17:56:02'),
	(174, 14, 5, 296, 1, 1, 1, 256, '2022-04-17 17:56:02', '2022-04-17 17:56:02'),
	(175, 14, 5, 300, 1, 1, 1, 256, '2022-04-17 17:56:02', '2022-04-17 17:56:02'),
	(176, 14, 5, 301, 1, 1, 1, 256, '2022-04-17 17:56:02', '2022-04-17 17:56:02'),
	(177, 14, 5, 302, 1, 1, 1, 256, '2022-04-17 17:56:03', '2022-04-17 17:56:03'),
	(178, 14, 5, 303, 1, 1, 1, 128, '2022-04-17 17:56:03', '2022-04-17 17:56:03'),
	(179, 14, 5, 304, 1, 1, 1, 128, '2022-04-17 17:56:03', '2022-04-17 17:56:03'),
	(180, 14, 6, 297, 1, 1, 1, 256, '2022-04-17 17:56:03', '2022-04-17 17:56:03'),
	(181, 14, 6, 298, 1, 1, 1, 256, '2022-04-17 17:56:03', '2022-04-17 17:56:03'),
	(182, 14, 6, 299, 1, 1, 1, 128, '2022-04-17 17:56:03', '2022-04-17 17:56:03'),
	(183, 15, 3, 265, 1, 1, 1, 256, '2022-04-17 17:56:39', '2022-04-17 17:56:39'),
	(184, 15, 3, 266, 1, 1, 1, 128, '2022-04-17 17:56:39', '2022-04-17 17:56:39'),
	(185, 15, 3, 267, 1, 1, 1, 168, '2022-04-17 17:56:39', '2022-04-17 17:56:39'),
	(186, 15, 3, 268, 1, 1, 1, 256, '2022-04-17 17:56:39', '2022-04-17 17:56:39'),
	(187, 15, 3, 269, 1, 1, 1, 128, '2022-04-17 17:56:39', '2022-04-17 17:56:39'),
	(188, 15, 4, 265, 1, 1, 1, 256, '2022-04-17 17:56:39', '2022-04-17 17:56:39'),
	(189, 15, 4, 266, 1, 1, 1, 128, '2022-04-17 17:56:39', '2022-04-17 17:56:39'),
	(190, 15, 4, 268, 1, 1, 1, 256, '2022-04-17 17:56:39', '2022-04-17 17:56:39'),
	(191, 15, 4, 269, 1, 1, 1, 128, '2022-04-17 17:56:39', '2022-04-17 17:56:39'),
	(192, 15, 5, 275, 1, 1, 1, 256, '2022-04-17 17:56:39', '2022-04-17 17:56:39'),
	(193, 15, 5, 276, 1, 1, 1, 256, '2022-04-17 17:56:39', '2022-04-17 17:56:39'),
	(194, 15, 5, 265, 1, 1, 1, 256, '2022-04-17 17:56:39', '2022-04-17 17:56:39'),
	(195, 15, 5, 277, 1, 1, 1, 128, '2022-04-17 17:56:39', '2022-04-17 17:56:39'),
	(196, 15, 5, 278, 1, 1, 1, 128, '2022-04-17 17:56:39', '2022-04-17 17:56:39'),
	(197, 15, 5, 266, 1, 1, 1, 128, '2022-04-17 17:56:39', '2022-04-17 17:56:39'),
	(198, 15, 5, 295, 1, 1, 1, 256, '2022-04-17 17:56:39', '2022-04-17 17:56:39'),
	(199, 15, 5, 279, 1, 1, 1, 256, '2022-04-17 17:56:39', '2022-04-17 17:56:39'),
	(200, 15, 5, 280, 1, 1, 1, 256, '2022-04-17 17:56:39', '2022-04-17 17:56:39'),
	(201, 15, 5, 268, 1, 1, 1, 256, '2022-04-17 17:56:39', '2022-04-17 17:56:39'),
	(202, 15, 5, 281, 1, 1, 1, 128, '2022-04-17 17:56:39', '2022-04-17 17:56:39'),
	(203, 15, 5, 282, 1, 1, 1, 128, '2022-04-17 17:56:39', '2022-04-17 17:56:39'),
	(204, 15, 5, 269, 1, 1, 1, 128, '2022-04-17 17:56:39', '2022-04-17 17:56:39'),
	(205, 15, 5, 296, 1, 1, 1, 256, '2022-04-17 17:56:39', '2022-04-17 17:56:39'),
	(206, 15, 5, 300, 1, 1, 1, 256, '2022-04-17 17:56:39', '2022-04-17 17:56:39'),
	(207, 15, 5, 301, 1, 1, 1, 256, '2022-04-17 17:56:39', '2022-04-17 17:56:39'),
	(208, 15, 5, 303, 1, 1, 1, 128, '2022-04-17 17:56:39', '2022-04-17 17:56:39'),
	(209, 15, 5, 304, 1, 1, 1, 128, '2022-04-17 17:56:39', '2022-04-17 17:56:39'),
	(210, 15, 6, 297, 1, 1, 1, 256, '2022-04-17 17:56:39', '2022-04-17 17:56:39'),
	(211, 15, 6, 298, 1, 1, 1, 256, '2022-04-17 17:56:39', '2022-04-17 17:56:39'),
	(212, 15, 6, 299, 1, 1, 1, 128, '2022-04-17 17:56:39', '2022-04-17 17:56:39'),
	(213, 16, 3, 265, 1, 1, 1, 256, '2022-04-17 17:56:52', '2022-04-17 17:56:52'),
	(214, 16, 3, 266, 1, 1, 1, 128, '2022-04-17 17:56:52', '2022-04-17 17:56:52'),
	(215, 16, 3, 267, 1, 1, 1, 168, '2022-04-17 17:56:52', '2022-04-17 17:56:52'),
	(216, 16, 3, 268, 1, 1, 1, 256, '2022-04-17 17:56:52', '2022-04-17 17:56:52'),
	(217, 16, 3, 269, 1, 1, 1, 128, '2022-04-17 17:56:52', '2022-04-17 17:56:52'),
	(218, 16, 4, 265, 1, 1, 1, 256, '2022-04-17 17:56:52', '2022-04-17 17:56:52'),
	(219, 16, 4, 266, 1, 1, 1, 128, '2022-04-17 17:56:52', '2022-04-17 17:56:52'),
	(220, 16, 4, 268, 1, 1, 1, 256, '2022-04-17 17:56:52', '2022-04-17 17:56:52'),
	(221, 16, 4, 269, 1, 1, 1, 128, '2022-04-17 17:56:52', '2022-04-17 17:56:52'),
	(222, 16, 5, 275, 1, 1, 1, 256, '2022-04-17 17:56:52', '2022-04-17 17:56:52'),
	(223, 16, 5, 276, 1, 1, 1, 256, '2022-04-17 17:56:52', '2022-04-17 17:56:52'),
	(224, 16, 5, 265, 1, 1, 1, 256, '2022-04-17 17:56:52', '2022-04-17 17:56:52'),
	(225, 16, 5, 277, 1, 1, 1, 128, '2022-04-17 17:56:52', '2022-04-17 17:56:52'),
	(226, 16, 5, 278, 1, 1, 1, 128, '2022-04-17 17:56:52', '2022-04-17 17:56:52'),
	(227, 16, 5, 266, 1, 1, 1, 128, '2022-04-17 17:56:52', '2022-04-17 17:56:52'),
	(228, 16, 5, 295, 1, 1, 1, 256, '2022-04-17 17:56:52', '2022-04-17 17:56:52'),
	(229, 16, 5, 279, 1, 1, 1, 256, '2022-04-17 17:56:52', '2022-04-17 17:56:53'),
	(230, 16, 5, 280, 1, 1, 1, 256, '2022-04-17 17:56:53', '2022-04-17 17:56:53'),
	(231, 16, 5, 268, 1, 1, 1, 256, '2022-04-17 17:56:53', '2022-04-17 17:56:53'),
	(232, 16, 5, 281, 1, 1, 1, 128, '2022-04-17 17:56:53', '2022-04-17 17:56:53'),
	(233, 16, 5, 282, 1, 1, 1, 128, '2022-04-17 17:56:53', '2022-04-17 17:56:53'),
	(234, 16, 5, 269, 1, 1, 1, 128, '2022-04-17 17:56:53', '2022-04-17 17:56:53'),
	(235, 16, 6, 297, 1, 1, 1, 256, '2022-04-17 17:56:53', '2022-04-17 17:56:53'),
	(236, 16, 6, 298, 1, 1, 1, 256, '2022-04-17 17:56:53', '2022-04-17 17:56:53'),
	(237, 16, 6, 299, 1, 1, 1, 128, '2022-04-17 17:56:53', '2022-04-17 17:56:53'),
	(238, 17, 3, 265, 1, 1, 1, 256, '2022-04-17 17:57:06', '2022-04-17 17:57:07'),
	(239, 17, 3, 266, 1, 1, 1, 128, '2022-04-17 17:57:07', '2022-04-17 17:57:07'),
	(240, 17, 3, 267, 1, 1, 1, 168, '2022-04-17 17:57:07', '2022-04-17 17:57:07'),
	(241, 17, 3, 268, 1, 1, 1, 256, '2022-04-17 17:57:07', '2022-04-17 17:57:07'),
	(242, 17, 3, 269, 1, 1, 1, 128, '2022-04-17 17:57:07', '2022-04-17 17:57:07'),
	(243, 17, 4, 265, 1, 1, 1, 256, '2022-04-17 17:57:07', '2022-04-17 17:57:07'),
	(244, 17, 4, 266, 1, 1, 1, 128, '2022-04-17 17:57:07', '2022-04-17 17:57:07'),
	(245, 17, 4, 268, 1, 1, 1, 256, '2022-04-17 17:57:07', '2022-04-17 17:57:07'),
	(246, 17, 4, 269, 1, 1, 1, 128, '2022-04-17 17:57:07', '2022-04-17 17:57:07'),
	(247, 17, 5, 275, 1, 1, 1, 256, '2022-04-17 17:57:07', '2022-04-17 17:57:07'),
	(248, 17, 5, 276, 1, 1, 1, 256, '2022-04-17 17:57:07', '2022-04-17 17:57:07'),
	(249, 17, 5, 265, 1, 1, 1, 256, '2022-04-17 17:57:07', '2022-04-17 17:57:07'),
	(250, 17, 5, 277, 1, 1, 1, 128, '2022-04-17 17:57:07', '2022-04-17 17:57:07'),
	(251, 17, 5, 278, 1, 1, 1, 128, '2022-04-17 17:57:07', '2022-04-17 17:57:07'),
	(252, 17, 5, 266, 1, 1, 1, 128, '2022-04-17 17:57:07', '2022-04-17 17:57:07'),
	(253, 17, 5, 295, 1, 1, 1, 256, '2022-04-17 17:57:07', '2022-04-17 17:57:07'),
	(254, 17, 5, 279, 1, 1, 1, 256, '2022-04-17 17:57:07', '2022-04-17 17:57:07'),
	(255, 17, 5, 280, 1, 1, 1, 256, '2022-04-17 17:57:07', '2022-04-17 17:57:07'),
	(256, 17, 5, 268, 1, 1, 1, 256, '2022-04-17 17:57:07', '2022-04-17 17:57:07'),
	(257, 17, 5, 281, 1, 1, 1, 128, '2022-04-17 17:57:07', '2022-04-17 17:57:07'),
	(258, 17, 5, 282, 1, 1, 1, 128, '2022-04-17 17:57:07', '2022-04-17 17:57:07'),
	(259, 17, 5, 269, 1, 1, 1, 128, '2022-04-17 17:57:07', '2022-04-17 17:57:07'),
	(260, 17, 5, 296, 1, 1, 1, 256, '2022-04-17 17:57:07', '2022-04-17 17:57:07'),
	(261, 17, 5, 300, 1, 1, 1, 256, '2022-04-17 17:57:07', '2022-04-17 17:57:07'),
	(262, 17, 5, 301, 1, 1, 1, 256, '2022-04-17 17:57:07', '2022-04-17 17:57:07'),
	(263, 17, 5, 303, 1, 1, 1, 128, '2022-04-17 17:57:07', '2022-04-17 17:57:07'),
	(264, 17, 5, 304, 1, 1, 1, 128, '2022-04-17 17:57:07', '2022-04-17 17:57:07'),
	(265, 18, 5, 275, 1, 1, 1, 256, '2022-04-17 17:57:18', '2022-04-17 17:57:18'),
	(266, 18, 5, 276, 1, 1, 1, 256, '2022-04-17 17:57:18', '2022-04-17 17:57:18'),
	(267, 18, 5, 265, 1, 1, 1, 256, '2022-04-17 17:57:18', '2022-04-17 17:57:18'),
	(268, 18, 5, 277, 1, 1, 1, 128, '2022-04-17 17:57:18', '2022-04-17 17:57:18'),
	(269, 18, 5, 278, 1, 1, 1, 128, '2022-04-17 17:57:18', '2022-04-17 17:57:18'),
	(270, 18, 5, 266, 1, 1, 1, 128, '2022-04-17 17:57:18', '2022-04-17 17:57:18'),
	(271, 18, 5, 295, 1, 1, 1, 256, '2022-04-17 17:57:18', '2022-04-17 17:57:18'),
	(272, 18, 5, 279, 1, 1, 1, 256, '2022-04-17 17:57:18', '2022-04-17 17:57:18'),
	(273, 18, 5, 280, 1, 1, 1, 256, '2022-04-17 17:57:18', '2022-04-17 17:57:18'),
	(274, 18, 5, 268, 1, 1, 1, 256, '2022-04-17 17:57:18', '2022-04-17 17:57:18'),
	(275, 18, 5, 281, 1, 1, 1, 128, '2022-04-17 17:57:18', '2022-04-17 17:57:18'),
	(276, 18, 5, 282, 1, 1, 1, 128, '2022-04-17 17:57:18', '2022-04-17 17:57:18'),
	(277, 18, 5, 269, 1, 1, 1, 128, '2022-04-17 17:57:18', '2022-04-17 17:57:18'),
	(278, 18, 5, 296, 1, 1, 1, 256, '2022-04-17 17:57:18', '2022-04-17 17:57:18'),
	(279, 18, 5, 300, 1, 1, 1, 256, '2022-04-17 17:57:18', '2022-04-17 17:57:18'),
	(280, 18, 5, 301, 1, 1, 1, 256, '2022-04-17 17:57:18', '2022-04-17 17:57:18'),
	(281, 18, 5, 303, 1, 1, 1, 128, '2022-04-17 17:57:18', '2022-04-17 17:57:18'),
	(282, 18, 5, 304, 1, 1, 1, 128, '2022-04-17 17:57:18', '2022-04-17 17:57:18'),
	(283, 18, 6, 297, 1, 1, 1, 256, '2022-04-17 17:57:18', '2022-04-17 17:57:18'),
	(284, 18, 6, 298, 1, 1, 1, 256, '2022-04-17 17:57:18', '2022-04-17 17:57:19'),
	(285, 18, 6, 299, 1, 1, 1, 128, '2022-04-17 17:57:19', '2022-04-17 17:57:19'),
	(286, 19, 5, 174, 1, 1, 1, 128, '2022-04-17 17:57:56', '2022-04-17 17:57:56'),
	(287, 19, 5, 263, 1, 1, 1, 256, '2022-04-17 17:57:56', '2022-04-17 17:57:56'),
	(288, 19, 5, 264, 1, 1, 1, 128, '2022-04-17 17:57:56', '2022-04-17 17:57:56'),
	(289, 19, 5, 265, 1, 1, 1, 256, '2022-04-17 17:57:56', '2022-04-17 17:57:56'),
	(290, 19, 5, 277, 1, 1, 1, 128, '2022-04-17 17:57:56', '2022-04-17 17:57:56'),
	(291, 19, 5, 266, 1, 1, 1, 128, '2022-04-17 17:57:56', '2022-04-17 17:57:56'),
	(292, 19, 5, 279, 1, 1, 1, 256, '2022-04-17 17:57:56', '2022-04-17 17:57:56'),
	(293, 19, 5, 280, 1, 1, 1, 256, '2022-04-17 17:57:56', '2022-04-17 17:57:56'),
	(294, 19, 5, 268, 1, 1, 1, 256, '2022-04-17 17:57:56', '2022-04-17 17:57:56'),
	(295, 19, 5, 281, 1, 1, 1, 128, '2022-04-17 17:57:56', '2022-04-17 17:57:56'),
	(296, 19, 5, 282, 1, 1, 1, 128, '2022-04-17 17:57:56', '2022-04-17 17:57:56'),
	(297, 19, 5, 269, 1, 1, 1, 128, '2022-04-17 17:57:56', '2022-04-17 17:57:56'),
	(298, 19, 5, 305, 1, 1, 1, 128, '2022-04-17 17:57:56', '2022-04-17 17:57:56'),
	(299, 19, 5, 271, 1, 1, 1, 256, '2022-04-17 17:57:56', '2022-04-17 17:57:56'),
	(300, 19, 5, 272, 1, 1, 1, 128, '2022-04-17 17:57:56', '2022-04-17 17:57:56'),
	(301, 19, 5, 283, 1, 1, 1, 256, '2022-04-17 17:57:56', '2022-04-17 17:57:56'),
	(302, 19, 5, 284, 1, 1, 1, 256, '2022-04-17 17:57:56', '2022-04-17 17:57:56'),
	(303, 19, 5, 273, 1, 1, 1, 256, '2022-04-17 17:57:56', '2022-04-17 17:57:56'),
	(304, 19, 5, 285, 1, 1, 1, 128, '2022-04-17 17:57:56', '2022-04-17 17:57:56'),
	(305, 19, 5, 286, 1, 1, 1, 128, '2022-04-17 17:57:56', '2022-04-17 17:57:56'),
	(306, 19, 5, 274, 1, 1, 1, 128, '2022-04-17 17:57:56', '2022-04-17 17:57:56'),
	(307, 19, 6, 297, 1, 1, 1, 256, '2022-04-17 17:57:56', '2022-04-17 17:57:56'),
	(308, 19, 6, 298, 1, 1, 1, 256, '2022-04-17 17:57:56', '2022-04-17 17:57:56'),
	(309, 19, 6, 299, 1, 1, 1, 128, '2022-04-17 17:57:56', '2022-04-17 17:57:56'),
	(310, 20, 5, 265, 1, 1, 1, 256, '2022-04-17 18:00:53', '2022-04-17 18:00:53'),
	(311, 20, 5, 277, 1, 1, 1, 128, '2022-04-17 18:00:53', '2022-04-17 18:00:53'),
	(312, 20, 5, 266, 1, 1, 1, 128, '2022-04-17 18:00:53', '2022-04-17 18:00:53'),
	(313, 20, 5, 279, 1, 1, 1, 256, '2022-04-17 18:00:53', '2022-04-17 18:00:53'),
	(314, 20, 5, 280, 1, 1, 1, 256, '2022-04-17 18:00:53', '2022-04-17 18:00:53'),
	(315, 20, 5, 268, 1, 1, 1, 256, '2022-04-17 18:00:53', '2022-04-17 18:00:53'),
	(316, 20, 5, 281, 1, 1, 1, 128, '2022-04-17 18:00:53', '2022-04-17 18:00:53'),
	(317, 20, 5, 282, 1, 1, 1, 128, '2022-04-17 18:00:53', '2022-04-17 18:00:53'),
	(318, 20, 5, 269, 1, 1, 1, 128, '2022-04-17 18:00:53', '2022-04-17 18:00:53'),
	(319, 20, 6, 297, 1, 1, 1, 256, '2022-04-17 18:00:53', '2022-04-17 18:00:53'),
	(320, 20, 6, 298, 1, 1, 1, 256, '2022-04-17 18:00:53', '2022-04-17 18:00:53'),
	(321, 20, 6, 299, 1, 1, 1, 128, '2022-04-17 18:00:53', '2022-04-17 18:00:53'),
	(322, 22, 5, 265, 1, 1, 1, 256, '2022-04-17 18:01:50', '2022-04-17 18:01:50'),
	(323, 22, 5, 277, 1, 1, 1, 128, '2022-04-17 18:01:50', '2022-04-17 18:01:50'),
	(324, 22, 5, 266, 1, 1, 1, 128, '2022-04-17 18:01:50', '2022-04-17 18:01:50'),
	(325, 22, 5, 279, 1, 1, 1, 256, '2022-04-17 18:01:50', '2022-04-17 18:01:50'),
	(326, 22, 5, 280, 1, 1, 1, 256, '2022-04-17 18:01:50', '2022-04-17 18:01:50'),
	(327, 22, 5, 268, 1, 1, 1, 256, '2022-04-17 18:01:50', '2022-04-17 18:01:50'),
	(328, 22, 5, 281, 1, 1, 1, 128, '2022-04-17 18:01:50', '2022-04-17 18:01:50'),
	(329, 22, 5, 282, 1, 1, 1, 128, '2022-04-17 18:01:50', '2022-04-17 18:01:50'),
	(330, 22, 5, 269, 1, 1, 1, 128, '2022-04-17 18:01:50', '2022-04-17 18:01:50'),
	(331, 22, 6, 297, 1, 1, 1, 256, '2022-04-17 18:01:50', '2022-04-17 18:01:50'),
	(332, 22, 6, 298, 1, 1, 1, 256, '2022-04-17 18:01:50', '2022-04-17 18:01:50'),
	(333, 22, 6, 299, 1, 1, 1, 128, '2022-04-17 18:01:50', '2022-04-17 18:01:51'),
	(334, 23, 5, 265, 1, 1, 1, 256, '2022-04-17 18:01:57', '2022-04-17 18:01:57'),
	(335, 23, 5, 277, 1, 1, 1, 128, '2022-04-17 18:01:57', '2022-04-17 18:01:57'),
	(336, 23, 5, 266, 1, 1, 1, 128, '2022-04-17 18:01:57', '2022-04-17 18:01:57'),
	(337, 23, 5, 279, 1, 1, 1, 256, '2022-04-17 18:01:57', '2022-04-17 18:01:57'),
	(338, 23, 5, 280, 1, 1, 1, 256, '2022-04-17 18:01:57', '2022-04-17 18:01:57'),
	(339, 23, 5, 268, 1, 1, 1, 256, '2022-04-17 18:01:57', '2022-04-17 18:01:57'),
	(340, 23, 5, 281, 1, 1, 1, 128, '2022-04-17 18:01:57', '2022-04-17 18:01:57'),
	(341, 23, 5, 282, 1, 1, 1, 128, '2022-04-17 18:01:57', '2022-04-17 18:01:57'),
	(342, 23, 5, 269, 1, 1, 1, 128, '2022-04-17 18:01:57', '2022-04-17 18:01:57'),
	(343, 23, 6, 297, 1, 1, 1, 256, '2022-04-17 18:01:57', '2022-04-17 18:01:57'),
	(344, 23, 6, 298, 1, 1, 1, 256, '2022-04-17 18:01:57', '2022-04-17 18:01:57'),
	(345, 23, 6, 299, 1, 1, 1, 128, '2022-04-17 18:01:57', '2022-04-17 18:01:57'),
	(346, 24, 5, 279, 1, 1, 1, 256, '2022-04-17 18:02:53', '2022-04-17 18:02:53'),
	(347, 24, 5, 280, 1, 1, 1, 256, '2022-04-17 18:02:53', '2022-04-17 18:02:53'),
	(348, 24, 5, 281, 1, 1, 1, 128, '2022-04-17 18:02:53', '2022-04-17 18:02:53'),
	(349, 24, 5, 282, 1, 1, 1, 128, '2022-04-17 18:02:53', '2022-04-17 18:02:53'),
	(350, 24, 6, 297, 1, 1, 1, 256, '2022-04-17 18:02:53', '2022-04-17 18:02:53'),
	(351, 24, 6, 298, 1, 1, 1, 256, '2022-04-17 18:02:53', '2022-04-17 18:02:53'),
	(352, 24, 6, 299, 1, 1, 1, 128, '2022-04-17 18:02:53', '2022-04-17 18:02:53'),
	(353, 25, 5, 279, 1, 1, 1, 256, '2022-04-17 18:03:10', '2022-04-17 18:03:10'),
	(354, 25, 5, 280, 1, 1, 1, 256, '2022-04-17 18:03:10', '2022-04-17 18:03:10'),
	(355, 25, 5, 281, 1, 1, 1, 128, '2022-04-17 18:03:10', '2022-04-17 18:03:10'),
	(356, 25, 5, 282, 1, 1, 1, 128, '2022-04-17 18:03:10', '2022-04-17 18:03:10'),
	(357, 25, 5, 283, 1, 1, 1, 256, '2022-04-17 18:03:10', '2022-04-17 18:03:10'),
	(358, 25, 5, 284, 1, 1, 1, 256, '2022-04-17 18:03:10', '2022-04-17 18:03:10'),
	(359, 25, 5, 285, 1, 1, 1, 128, '2022-04-17 18:03:10', '2022-04-17 18:03:10'),
	(360, 25, 5, 286, 1, 1, 1, 128, '2022-04-17 18:03:10', '2022-04-17 18:03:10'),
	(361, 26, 5, 306, 1, 1, 1, 256, '2022-04-17 18:04:03', '2022-04-17 18:04:03'),
	(362, 26, 5, 263, 1, 1, 1, 256, '2022-04-17 18:04:03', '2022-04-17 18:04:03'),
	(363, 26, 5, 307, 1, 1, 1, 128, '2022-04-17 18:04:03', '2022-04-17 18:04:03'),
	(364, 26, 5, 264, 1, 1, 1, 128, '2022-04-17 18:04:03', '2022-04-17 18:04:03'),
	(365, 26, 5, 308, 1, 1, 1, 256, '2022-04-17 18:04:03', '2022-04-17 18:04:03'),
	(366, 26, 5, 309, 1, 1, 1, 128, '2022-04-17 18:04:03', '2022-04-17 18:04:03'),
	(367, 26, 5, 275, 1, 1, 1, 256, '2022-04-17 18:04:03', '2022-04-17 18:04:03'),
	(368, 26, 5, 287, 1, 1, 1, 128, '2022-04-17 18:04:03', '2022-04-17 18:04:03'),
	(369, 26, 5, 288, 1, 1, 1, 256, '2022-04-17 18:04:03', '2022-04-17 18:04:03'),
	(370, 26, 5, 276, 1, 1, 1, 256, '2022-04-17 18:04:03', '2022-04-17 18:04:03'),
	(371, 26, 5, 265, 1, 1, 1, 256, '2022-04-17 18:04:03', '2022-04-17 18:04:03'),
	(372, 26, 5, 277, 1, 1, 1, 128, '2022-04-17 18:04:03', '2022-04-17 18:04:03'),
	(373, 26, 5, 289, 1, 1, 1, 128, '2022-04-17 18:04:03', '2022-04-17 18:04:03'),
	(374, 26, 5, 290, 1, 1, 1, 128, '2022-04-17 18:04:03', '2022-04-17 18:04:04'),
	(375, 26, 5, 278, 1, 1, 1, 128, '2022-04-17 18:04:04', '2022-04-17 18:04:04'),
	(376, 26, 5, 266, 1, 1, 1, 128, '2022-04-17 18:04:04', '2022-04-17 18:04:04'),
	(377, 26, 5, 295, 1, 1, 1, 256, '2022-04-17 18:04:04', '2022-04-17 18:04:04'),
	(378, 26, 5, 310, 1, 1, 1, 256, '2022-04-17 18:04:04', '2022-04-17 18:04:04'),
	(379, 26, 5, 311, 1, 1, 1, 128, '2022-04-17 18:04:04', '2022-04-17 18:04:04'),
	(380, 26, 5, 312, 1, 1, 1, 256, '2022-04-17 18:04:04', '2022-04-17 18:04:04'),
	(381, 26, 5, 313, 1, 1, 1, 128, '2022-04-17 18:04:04', '2022-04-17 18:04:04'),
	(382, 26, 5, 279, 1, 1, 1, 256, '2022-04-17 18:04:04', '2022-04-17 18:04:04'),
	(383, 26, 5, 280, 1, 1, 1, 256, '2022-04-17 18:04:04', '2022-04-17 18:04:04'),
	(384, 26, 5, 268, 1, 1, 1, 256, '2022-04-17 18:04:04', '2022-04-17 18:04:04'),
	(385, 26, 5, 281, 1, 1, 1, 128, '2022-04-17 18:04:04', '2022-04-17 18:04:04'),
	(386, 26, 5, 282, 1, 1, 1, 128, '2022-04-17 18:04:04', '2022-04-17 18:04:04'),
	(387, 26, 5, 269, 1, 1, 1, 128, '2022-04-17 18:04:04', '2022-04-17 18:04:04'),
	(388, 26, 5, 314, 1, 1, 1, 256, '2022-04-17 18:04:04', '2022-04-17 18:04:04'),
	(389, 26, 5, 315, 1, 1, 1, 256, '2022-04-17 18:04:04', '2022-04-17 18:04:04'),
	(390, 26, 5, 271, 1, 1, 1, 256, '2022-04-17 18:04:04', '2022-04-17 18:04:04'),
	(391, 26, 5, 316, 1, 1, 1, 128, '2022-04-17 18:04:04', '2022-04-17 18:04:04'),
	(392, 26, 5, 272, 1, 1, 1, 128, '2022-04-17 18:04:04', '2022-04-17 18:04:04'),
	(393, 26, 5, 317, 1, 1, 1, 256, '2022-04-17 18:04:04', '2022-04-17 18:04:04'),
	(394, 26, 5, 318, 1, 1, 1, 256, '2022-04-17 18:04:04', '2022-04-17 18:04:04'),
	(395, 26, 5, 283, 1, 1, 1, 256, '2022-04-17 18:04:04', '2022-04-17 18:04:04'),
	(396, 26, 5, 291, 1, 1, 1, 256, '2022-04-17 18:04:04', '2022-04-17 18:04:04'),
	(397, 26, 5, 292, 1, 1, 1, 256, '2022-04-17 18:04:04', '2022-04-17 18:04:04'),
	(398, 26, 5, 284, 1, 1, 1, 256, '2022-04-17 18:04:04', '2022-04-17 18:04:04'),
	(399, 26, 5, 273, 1, 1, 1, 256, '2022-04-17 18:04:04', '2022-04-17 18:04:04'),
	(400, 26, 5, 285, 1, 1, 1, 128, '2022-04-17 18:04:04', '2022-04-17 18:04:04'),
	(401, 26, 5, 293, 1, 1, 1, 128, '2022-04-17 18:04:04', '2022-04-17 18:04:04'),
	(402, 26, 5, 294, 1, 1, 1, 128, '2022-04-17 18:04:04', '2022-04-17 18:04:04'),
	(403, 26, 5, 286, 1, 1, 1, 128, '2022-04-17 18:04:04', '2022-04-17 18:04:04'),
	(404, 26, 5, 274, 1, 1, 1, 128, '2022-04-17 18:04:04', '2022-04-17 18:04:04'),
	(405, 26, 6, 297, 1, 1, 1, 256, '2022-04-17 18:04:04', '2022-04-17 18:04:04'),
	(406, 26, 6, 298, 1, 1, 1, 256, '2022-04-17 18:04:04', '2022-04-17 18:04:04'),
	(407, 26, 6, 299, 1, 1, 1, 128, '2022-04-17 18:04:04', '2022-04-17 18:04:04'),
	(408, 27, 5, 275, 1, 1, 1, 256, '2022-04-17 18:04:21', '2022-04-17 18:04:21'),
	(409, 27, 5, 265, 1, 1, 1, 256, '2022-04-17 18:04:21', '2022-04-17 18:04:21'),
	(410, 27, 5, 277, 1, 1, 1, 128, '2022-04-17 18:04:21', '2022-04-17 18:04:21'),
	(411, 27, 5, 266, 1, 1, 1, 128, '2022-04-17 18:04:21', '2022-04-17 18:04:21'),
	(412, 27, 5, 267, 1, 1, 1, 168, '2022-04-17 18:04:21', '2022-04-17 18:04:21'),
	(413, 27, 5, 295, 1, 1, 1, 256, '2022-04-17 18:04:21', '2022-04-17 18:04:21'),
	(414, 27, 5, 279, 1, 1, 1, 256, '2022-04-17 18:04:21', '2022-04-17 18:04:21'),
	(415, 27, 5, 268, 1, 1, 1, 256, '2022-04-17 18:04:21', '2022-04-17 18:04:21'),
	(416, 27, 5, 281, 1, 1, 1, 128, '2022-04-17 18:04:21', '2022-04-17 18:04:21'),
	(417, 27, 5, 269, 1, 1, 1, 128, '2022-04-17 18:04:21', '2022-04-17 18:04:21'),
	(418, 27, 6, 297, 1, 1, 1, 256, '2022-04-17 18:04:21', '2022-04-17 18:04:21'),
	(419, 27, 6, 298, 1, 1, 1, 256, '2022-04-17 18:04:21', '2022-04-17 18:04:21'),
	(420, 27, 6, 299, 1, 1, 1, 128, '2022-04-17 18:04:21', '2022-04-17 18:04:21'),
	(421, 28, 5, 265, 1, 1, 1, 256, '2022-04-17 18:06:36', '2022-04-17 18:06:36'),
	(422, 28, 5, 277, 1, 1, 1, 128, '2022-04-17 18:06:36', '2022-04-17 18:06:36'),
	(423, 28, 5, 266, 1, 1, 1, 128, '2022-04-17 18:06:36', '2022-04-17 18:06:36'),
	(424, 28, 5, 295, 1, 1, 1, 256, '2022-04-17 18:06:36', '2022-04-17 18:06:36'),
	(425, 28, 5, 279, 1, 1, 1, 256, '2022-04-17 18:06:36', '2022-04-17 18:06:36'),
	(426, 28, 5, 280, 1, 1, 1, 256, '2022-04-17 18:06:36', '2022-04-17 18:06:36'),
	(427, 28, 5, 268, 1, 1, 1, 256, '2022-04-17 18:06:36', '2022-04-17 18:06:36'),
	(428, 28, 5, 281, 1, 1, 1, 128, '2022-04-17 18:06:36', '2022-04-17 18:06:36'),
	(429, 28, 5, 282, 1, 1, 1, 128, '2022-04-17 18:06:36', '2022-04-17 18:06:36'),
	(430, 28, 5, 269, 1, 1, 1, 128, '2022-04-17 18:06:36', '2022-04-17 18:06:36'),
	(431, 28, 6, 297, 1, 1, 1, 256, '2022-04-17 18:06:36', '2022-04-17 18:06:36'),
	(432, 28, 6, 298, 1, 1, 1, 256, '2022-04-17 18:06:36', '2022-04-17 18:06:36'),
	(433, 28, 6, 299, 1, 1, 1, 128, '2022-04-17 18:06:36', '2022-04-17 18:06:36'),
	(434, 29, 3, 265, 1, 1, 1, 256, '2022-04-17 18:07:29', '2022-04-17 18:07:29'),
	(435, 29, 3, 266, 1, 1, 1, 128, '2022-04-17 18:07:29', '2022-04-17 18:07:29'),
	(436, 29, 3, 267, 1, 1, 1, 168, '2022-04-17 18:07:29', '2022-04-17 18:07:29'),
	(437, 29, 3, 268, 1, 1, 1, 256, '2022-04-17 18:07:29', '2022-04-17 18:07:29'),
	(438, 29, 3, 269, 1, 1, 1, 128, '2022-04-17 18:07:29', '2022-04-17 18:07:29'),
	(439, 29, 4, 265, 1, 1, 1, 256, '2022-04-17 18:07:29', '2022-04-17 18:07:29'),
	(440, 29, 4, 266, 1, 1, 1, 128, '2022-04-17 18:07:29', '2022-04-17 18:07:29'),
	(441, 29, 4, 267, 1, 1, 1, 168, '2022-04-17 18:07:29', '2022-04-17 18:07:29'),
	(442, 29, 4, 268, 1, 1, 1, 256, '2022-04-17 18:07:29', '2022-04-17 18:07:29'),
	(443, 29, 4, 269, 1, 1, 1, 128, '2022-04-17 18:07:29', '2022-04-17 18:07:29'),
	(444, 29, 5, 275, 1, 1, 1, 256, '2022-04-17 18:07:29', '2022-04-17 18:07:29'),
	(445, 29, 5, 265, 1, 1, 1, 256, '2022-04-17 18:07:29', '2022-04-17 18:07:30'),
	(446, 29, 5, 277, 1, 1, 1, 128, '2022-04-17 18:07:30', '2022-04-17 18:07:30'),
	(447, 29, 5, 266, 1, 1, 1, 128, '2022-04-17 18:07:30', '2022-04-17 18:07:30'),
	(448, 29, 5, 267, 1, 1, 1, 168, '2022-04-17 18:07:30', '2022-04-17 18:07:30'),
	(449, 29, 5, 295, 1, 1, 1, 256, '2022-04-17 18:07:30', '2022-04-17 18:07:30'),
	(450, 29, 5, 279, 1, 1, 1, 256, '2022-04-17 18:07:30', '2022-04-17 18:07:30'),
	(451, 29, 5, 268, 1, 1, 1, 256, '2022-04-17 18:07:30', '2022-04-17 18:07:30'),
	(452, 29, 5, 281, 1, 1, 1, 128, '2022-04-17 18:07:30', '2022-04-17 18:07:30'),
	(453, 29, 5, 269, 1, 1, 1, 128, '2022-04-17 18:07:30', '2022-04-17 18:07:30'),
	(454, 29, 6, 297, 1, 1, 1, 256, '2022-04-17 18:07:30', '2022-04-17 18:07:30'),
	(455, 29, 6, 298, 1, 1, 1, 256, '2022-04-17 18:07:30', '2022-04-17 18:07:30'),
	(456, 29, 6, 299, 1, 1, 1, 128, '2022-04-17 18:07:30', '2022-04-17 18:07:30'),
	(457, 30, 3, 302, 1, 1, 1, 256, '2022-04-17 18:08:12', '2022-04-17 18:08:12'),
	(458, 30, 3, 319, 1, 1, 1, 128, '2022-04-17 18:08:12', '2022-04-17 18:08:12'),
	(459, 30, 4, 302, 1, 1, 1, 256, '2022-04-17 18:08:12', '2022-04-17 18:08:12'),
	(460, 30, 4, 319, 1, 1, 1, 128, '2022-04-17 18:08:12', '2022-04-17 18:08:12'),
	(461, 30, 5, 296, 1, 1, 1, 256, '2022-04-17 18:08:12', '2022-04-17 18:08:12'),
	(462, 30, 5, 300, 1, 1, 1, 256, '2022-04-17 18:08:12', '2022-04-17 18:08:12'),
	(463, 30, 5, 301, 1, 1, 1, 256, '2022-04-17 18:08:12', '2022-04-17 18:08:12'),
	(464, 30, 5, 302, 1, 1, 1, 256, '2022-04-17 18:08:13', '2022-04-17 18:08:13'),
	(465, 30, 5, 303, 1, 1, 1, 128, '2022-04-17 18:08:13', '2022-04-17 18:08:13'),
	(466, 30, 5, 304, 1, 1, 1, 128, '2022-04-17 18:08:13', '2022-04-17 18:08:13'),
	(467, 30, 5, 319, 1, 1, 1, 128, '2022-04-17 18:08:13', '2022-04-17 18:08:13'),
	(468, 30, 6, 297, 1, 1, 1, 256, '2022-04-17 18:08:13', '2022-04-17 18:08:13'),
	(469, 30, 6, 298, 1, 1, 1, 256, '2022-04-17 18:08:13', '2022-04-17 18:08:13'),
	(470, 30, 6, 299, 1, 1, 1, 128, '2022-04-17 18:08:13', '2022-04-17 18:08:13'),
	(471, 31, 3, 263, 1, 1, 1, 256, '2022-04-17 18:12:24', '2022-04-17 18:12:24'),
	(472, 31, 3, 264, 1, 1, 1, 128, '2022-04-17 18:12:24', '2022-04-17 18:12:24'),
	(473, 31, 3, 265, 1, 1, 1, 256, '2022-04-17 18:12:24', '2022-04-17 18:12:25'),
	(474, 31, 3, 266, 1, 1, 1, 128, '2022-04-17 18:12:25', '2022-04-17 18:12:25'),
	(475, 31, 3, 320, 1, 1, 1, 256, '2022-04-17 18:12:25', '2022-04-17 18:12:25'),
	(476, 31, 3, 321, 1, 1, 1, 128, '2022-04-17 18:12:25', '2022-04-17 18:12:25'),
	(477, 31, 3, 268, 1, 1, 1, 256, '2022-04-17 18:12:25', '2022-04-17 18:12:25'),
	(478, 31, 3, 269, 1, 1, 1, 128, '2022-04-17 18:12:25', '2022-04-17 18:12:25'),
	(479, 31, 3, 322, 1, 1, 1, 256, '2022-04-17 18:12:25', '2022-04-17 18:12:25'),
	(480, 31, 3, 323, 1, 1, 1, 128, '2022-04-17 18:12:25', '2022-04-17 18:12:25'),
	(481, 31, 3, 324, 1, 1, 1, 256, '2022-04-17 18:12:25', '2022-04-17 18:12:25'),
	(482, 31, 3, 325, 1, 1, 1, 128, '2022-04-17 18:12:25', '2022-04-17 18:12:25'),
	(483, 31, 3, 271, 1, 1, 1, 256, '2022-04-17 18:12:25', '2022-04-17 18:12:25'),
	(484, 31, 3, 272, 1, 1, 1, 128, '2022-04-17 18:12:25', '2022-04-17 18:12:25'),
	(485, 31, 3, 273, 1, 1, 1, 256, '2022-04-17 18:12:25', '2022-04-17 18:12:25'),
	(486, 31, 3, 274, 1, 1, 1, 128, '2022-04-17 18:12:25', '2022-04-17 18:12:25'),
	(487, 31, 4, 263, 1, 1, 1, 256, '2022-04-17 18:12:25', '2022-04-17 18:12:25'),
	(488, 31, 4, 264, 1, 1, 1, 128, '2022-04-17 18:12:25', '2022-04-17 18:12:25'),
	(489, 31, 4, 265, 1, 1, 1, 256, '2022-04-17 18:12:25', '2022-04-17 18:12:25'),
	(490, 31, 4, 266, 1, 1, 1, 128, '2022-04-17 18:12:25', '2022-04-17 18:12:25'),
	(491, 31, 4, 320, 1, 1, 1, 256, '2022-04-17 18:12:25', '2022-04-17 18:12:25'),
	(492, 31, 4, 321, 1, 1, 1, 128, '2022-04-17 18:12:25', '2022-04-17 18:12:25'),
	(493, 31, 4, 268, 1, 1, 1, 256, '2022-04-17 18:12:25', '2022-04-17 18:12:25'),
	(494, 31, 4, 269, 1, 1, 1, 128, '2022-04-17 18:12:25', '2022-04-17 18:12:25'),
	(495, 31, 4, 322, 1, 1, 1, 256, '2022-04-17 18:12:25', '2022-04-17 18:12:25'),
	(496, 31, 4, 323, 1, 1, 1, 128, '2022-04-17 18:12:25', '2022-04-17 18:12:25'),
	(497, 31, 4, 324, 1, 1, 1, 256, '2022-04-17 18:12:25', '2022-04-17 18:12:25'),
	(498, 31, 4, 325, 1, 1, 1, 128, '2022-04-17 18:12:25', '2022-04-17 18:12:25'),
	(499, 31, 4, 271, 1, 1, 1, 256, '2022-04-17 18:12:25', '2022-04-17 18:12:25'),
	(500, 31, 4, 272, 1, 1, 1, 128, '2022-04-17 18:12:25', '2022-04-17 18:12:25'),
	(501, 31, 4, 273, 1, 1, 1, 256, '2022-04-17 18:12:25', '2022-04-17 18:12:25'),
	(502, 31, 4, 274, 1, 1, 1, 128, '2022-04-17 18:12:25', '2022-04-17 18:12:25'),
	(503, 31, 5, 306, 1, 1, 1, 256, '2022-04-17 18:12:25', '2022-04-17 18:12:25'),
	(504, 31, 5, 263, 1, 1, 1, 256, '2022-04-17 18:12:25', '2022-04-17 18:12:25'),
	(505, 31, 5, 307, 1, 1, 1, 128, '2022-04-17 18:12:25', '2022-04-17 18:12:25'),
	(506, 31, 5, 264, 1, 1, 1, 128, '2022-04-17 18:12:25', '2022-04-17 18:12:25'),
	(507, 31, 5, 308, 1, 1, 1, 256, '2022-04-17 18:12:25', '2022-04-17 18:12:25'),
	(508, 31, 5, 309, 1, 1, 1, 128, '2022-04-17 18:12:25', '2022-04-17 18:12:25'),
	(509, 31, 5, 275, 1, 1, 1, 256, '2022-04-17 18:12:25', '2022-04-17 18:12:25'),
	(510, 31, 5, 287, 1, 1, 1, 128, '2022-04-17 18:12:25', '2022-04-17 18:12:25'),
	(511, 31, 5, 288, 1, 1, 1, 256, '2022-04-17 18:12:25', '2022-04-17 18:12:25'),
	(512, 31, 5, 276, 1, 1, 1, 256, '2022-04-17 18:12:25', '2022-04-17 18:12:26'),
	(513, 31, 5, 265, 1, 1, 1, 256, '2022-04-17 18:12:26', '2022-04-17 18:12:26'),
	(514, 31, 5, 277, 1, 1, 1, 128, '2022-04-17 18:12:26', '2022-04-17 18:12:26'),
	(515, 31, 5, 289, 1, 1, 1, 128, '2022-04-17 18:12:26', '2022-04-17 18:12:26'),
	(516, 31, 5, 290, 1, 1, 1, 128, '2022-04-17 18:12:26', '2022-04-17 18:12:26'),
	(517, 31, 5, 278, 1, 1, 1, 128, '2022-04-17 18:12:26', '2022-04-17 18:12:26'),
	(518, 31, 5, 266, 1, 1, 1, 128, '2022-04-17 18:12:26', '2022-04-17 18:12:26'),
	(519, 31, 5, 320, 1, 1, 1, 256, '2022-04-17 18:12:26', '2022-04-17 18:12:26'),
	(520, 31, 5, 321, 1, 1, 1, 128, '2022-04-17 18:12:26', '2022-04-17 18:12:26'),
	(521, 31, 5, 295, 1, 1, 1, 256, '2022-04-17 18:12:26', '2022-04-17 18:12:26'),
	(522, 31, 5, 310, 1, 1, 1, 256, '2022-04-17 18:12:26', '2022-04-17 18:12:26'),
	(523, 31, 5, 311, 1, 1, 1, 128, '2022-04-17 18:12:26', '2022-04-17 18:12:26'),
	(524, 31, 5, 312, 1, 1, 1, 256, '2022-04-17 18:12:26', '2022-04-17 18:12:26'),
	(525, 31, 5, 313, 1, 1, 1, 128, '2022-04-17 18:12:26', '2022-04-17 18:12:26'),
	(526, 31, 5, 279, 1, 1, 1, 256, '2022-04-17 18:12:26', '2022-04-17 18:12:26'),
	(527, 31, 5, 280, 1, 1, 1, 256, '2022-04-17 18:12:26', '2022-04-17 18:12:26'),
	(528, 31, 5, 268, 1, 1, 1, 256, '2022-04-17 18:12:26', '2022-04-17 18:12:26'),
	(529, 31, 5, 281, 1, 1, 1, 128, '2022-04-17 18:12:26', '2022-04-17 18:12:26'),
	(530, 31, 5, 282, 1, 1, 1, 128, '2022-04-17 18:12:26', '2022-04-17 18:12:26'),
	(531, 31, 5, 269, 1, 1, 1, 128, '2022-04-17 18:12:26', '2022-04-17 18:12:26'),
	(532, 31, 5, 322, 1, 1, 1, 256, '2022-04-17 18:12:26', '2022-04-17 18:12:26'),
	(533, 31, 5, 323, 1, 1, 1, 128, '2022-04-17 18:12:26', '2022-04-17 18:12:26'),
	(534, 31, 5, 326, 1, 1, 1, 256, '2022-04-17 18:12:26', '2022-04-17 18:12:26'),
	(535, 31, 5, 327, 1, 1, 1, 256, '2022-04-17 18:12:26', '2022-04-17 18:12:26'),
	(536, 31, 5, 324, 1, 1, 1, 256, '2022-04-17 18:12:26', '2022-04-17 18:12:26'),
	(537, 31, 5, 328, 1, 1, 1, 128, '2022-04-17 18:12:26', '2022-04-17 18:12:26'),
	(538, 31, 5, 329, 1, 1, 1, 128, '2022-04-17 18:12:26', '2022-04-17 18:12:26'),
	(539, 31, 5, 325, 1, 1, 1, 128, '2022-04-17 18:12:26', '2022-04-17 18:12:26'),
	(540, 31, 5, 314, 1, 1, 1, 256, '2022-04-17 18:12:26', '2022-04-17 18:12:26'),
	(541, 31, 5, 315, 1, 1, 1, 256, '2022-04-17 18:12:26', '2022-04-17 18:12:26'),
	(542, 31, 5, 271, 1, 1, 1, 256, '2022-04-17 18:12:26', '2022-04-17 18:12:26'),
	(543, 31, 5, 316, 1, 1, 1, 128, '2022-04-17 18:12:26', '2022-04-17 18:12:26'),
	(544, 31, 5, 272, 1, 1, 1, 128, '2022-04-17 18:12:26', '2022-04-17 18:12:26'),
	(545, 31, 5, 317, 1, 1, 1, 256, '2022-04-17 18:12:26', '2022-04-17 18:12:26'),
	(546, 31, 5, 318, 1, 1, 1, 256, '2022-04-17 18:12:26', '2022-04-17 18:12:26'),
	(547, 31, 5, 283, 1, 1, 1, 256, '2022-04-17 18:12:26', '2022-04-17 18:12:26'),
	(548, 31, 5, 291, 1, 1, 1, 256, '2022-04-17 18:12:26', '2022-04-17 18:12:26'),
	(549, 31, 5, 292, 1, 1, 1, 256, '2022-04-17 18:12:26', '2022-04-17 18:12:26'),
	(550, 31, 5, 284, 1, 1, 1, 256, '2022-04-17 18:12:26', '2022-04-17 18:12:26'),
	(551, 31, 5, 273, 1, 1, 1, 256, '2022-04-17 18:12:26', '2022-04-17 18:12:26'),
	(552, 31, 5, 285, 1, 1, 1, 128, '2022-04-17 18:12:26', '2022-04-17 18:12:27'),
	(553, 31, 5, 293, 1, 1, 1, 128, '2022-04-17 18:12:27', '2022-04-17 18:12:27'),
	(554, 31, 5, 294, 1, 1, 1, 128, '2022-04-17 18:12:27', '2022-04-17 18:12:27'),
	(555, 31, 5, 286, 1, 1, 1, 128, '2022-04-17 18:12:27', '2022-04-17 18:12:27'),
	(556, 31, 5, 274, 1, 1, 1, 128, '2022-04-17 18:12:27', '2022-04-17 18:12:27'),
	(557, 31, 6, 297, 1, 1, 1, 256, '2022-04-17 18:12:27', '2022-04-17 18:12:27'),
	(558, 31, 6, 298, 1, 1, 1, 256, '2022-04-17 18:12:27', '2022-04-17 18:12:27'),
	(559, 31, 6, 299, 1, 1, 1, 128, '2022-04-17 18:12:27', '2022-04-17 18:12:27'),
	(560, 32, 5, 295, 1, 1, 1, 256, '2022-04-17 18:13:24', '2022-04-17 18:13:24'),
	(561, 32, 5, 279, 1, 1, 1, 256, '2022-04-17 18:13:24', '2022-04-17 18:13:24'),
	(562, 32, 5, 281, 1, 1, 1, 128, '2022-04-17 18:13:24', '2022-04-17 18:13:24'),
	(563, 32, 5, 296, 1, 1, 1, 256, '2022-04-17 18:13:24', '2022-04-17 18:13:24'),
	(564, 32, 5, 300, 1, 1, 1, 256, '2022-04-17 18:13:24', '2022-04-17 18:13:24'),
	(565, 32, 5, 303, 1, 1, 1, 128, '2022-04-17 18:13:24', '2022-04-17 18:13:24'),
	(566, 32, 6, 297, 1, 1, 1, 256, '2022-04-17 18:13:24', '2022-04-17 18:13:24'),
	(567, 32, 6, 298, 1, 1, 1, 256, '2022-04-17 18:13:24', '2022-04-17 18:13:24'),
	(568, 32, 6, 299, 1, 1, 1, 128, '2022-04-17 18:13:24', '2022-04-17 18:13:24'),
	(569, 33, 4, 265, 1, 1, 1, 256, '2022-04-17 20:50:09', '2022-04-17 20:51:58'),
	(570, 33, 4, 266, 1, 1, 1, 128, '2022-04-17 20:50:09', '2022-04-17 20:51:58'),
	(571, 33, 4, 268, 1, 1, 1, 256, '2022-04-17 20:50:09', '2022-04-17 20:51:58'),
	(572, 33, 4, 269, 1, 1, 1, 128, '2022-04-17 20:50:09', '2022-04-17 20:51:58'),
	(573, 33, 5, 275, 1, 1, 1, 256, '2022-04-17 20:50:09', '2022-04-17 20:51:58'),
	(574, 33, 5, 276, 1, 1, 1, 256, '2022-04-17 20:50:09', '2022-04-17 20:51:58'),
	(575, 33, 5, 265, 1, 1, 1, 256, '2022-04-17 20:50:09', '2022-04-17 20:51:58'),
	(576, 33, 5, 277, 1, 1, 1, 128, '2022-04-17 20:50:09', '2022-04-17 20:51:58'),
	(577, 33, 5, 278, 1, 1, 1, 128, '2022-04-17 20:50:09', '2022-04-17 20:51:58'),
	(578, 33, 5, 266, 1, 1, 1, 128, '2022-04-17 20:50:09', '2022-04-17 20:51:58'),
	(579, 33, 5, 295, 1, 1, 1, 256, '2022-04-17 20:50:09', '2022-04-17 20:51:58'),
	(580, 33, 5, 279, 1, 1, 1, 256, '2022-04-17 20:50:09', '2022-04-17 20:51:58'),
	(581, 33, 5, 280, 1, 1, 1, 256, '2022-04-17 20:50:09', '2022-04-17 20:51:58'),
	(582, 33, 5, 268, 1, 1, 1, 256, '2022-04-17 20:50:09', '2022-04-17 20:51:58'),
	(583, 33, 5, 281, 1, 1, 1, 128, '2022-04-17 20:50:09', '2022-04-17 20:51:58'),
	(584, 33, 5, 282, 1, 1, 1, 128, '2022-04-17 20:50:09', '2022-04-17 20:51:58'),
	(585, 33, 5, 269, 1, 1, 1, 128, '2022-04-17 20:50:09', '2022-04-17 20:51:58'),
	(586, 33, 5, 296, 1, 1, 1, 256, '2022-04-17 20:50:09', '2022-04-17 20:51:58'),
	(587, 33, 5, 300, 1, 1, 1, 256, '2022-04-17 20:50:09', '2022-04-17 20:51:58'),
	(588, 33, 5, 301, 1, 1, 1, 256, '2022-04-17 20:50:09', '2022-04-17 20:51:58'),
	(589, 33, 5, 303, 1, 1, 1, 128, '2022-04-17 20:50:09', '2022-04-17 20:51:58'),
	(590, 33, 5, 304, 1, 1, 1, 128, '2022-04-17 20:50:09', '2022-04-17 20:51:58'),
	(591, 33, 6, 297, 1, 1, 1, 256, '2022-04-17 20:50:09', '2022-04-17 20:51:58'),
	(592, 33, 6, 298, 1, 1, 1, 256, '2022-04-17 20:50:09', '2022-04-17 20:51:58'),
	(593, 33, 6, 299, 1, 1, 1, 128, '2022-04-17 20:50:09', '2022-04-17 20:51:58'),
	(594, 34, 5, 265, 1, 1, 1, 256, '2022-04-18 15:16:07', '2022-04-18 15:16:07'),
	(595, 34, 5, 277, 1, 1, 1, 128, '2022-04-18 15:16:07', '2022-04-18 15:16:07'),
	(596, 34, 5, 266, 1, 1, 1, 128, '2022-04-18 15:16:07', '2022-04-18 15:16:07'),
	(597, 34, 5, 295, 1, 1, 1, 256, '2022-04-18 15:16:07', '2022-04-18 15:16:07'),
	(598, 34, 5, 279, 1, 1, 1, 256, '2022-04-18 15:16:07', '2022-04-18 15:16:07'),
	(599, 34, 5, 280, 1, 1, 1, 256, '2022-04-18 15:16:07', '2022-04-18 15:16:07'),
	(600, 34, 5, 268, 1, 1, 1, 256, '2022-04-18 15:16:07', '2022-04-18 15:16:07'),
	(601, 34, 5, 281, 1, 1, 1, 128, '2022-04-18 15:16:07', '2022-04-18 15:16:07'),
	(602, 34, 5, 282, 1, 1, 1, 128, '2022-04-18 15:16:07', '2022-04-18 15:16:07'),
	(603, 34, 5, 269, 1, 1, 1, 128, '2022-04-18 15:16:07', '2022-04-18 15:16:07'),
	(604, 34, 6, 297, 1, 1, 1, 256, '2022-04-18 15:16:07', '2022-04-18 15:16:07'),
	(605, 34, 6, 298, 1, 1, 1, 256, '2022-04-18 15:16:07', '2022-04-18 15:16:07'),
	(606, 34, 6, 299, 1, 1, 1, 128, '2022-04-18 15:16:07', '2022-04-18 15:16:07');

-- Dumping structure for table certchecker.sslsuite
CREATE TABLE IF NOT EXISTS `sslsuite` (
  `sslsuite_id` int NOT NULL AUTO_INCREMENT,
  `sslsuite_name` varchar(32) CHARACTER SET utf8 COLLATE utf8_unicode_ci DEFAULT NULL,
  `ssldisplay` varchar(32) COLLATE utf8_unicode_ci DEFAULT NULL,
  `ok` tinyint DEFAULT NULL,
  PRIMARY KEY (`sslsuite_id`)
) ENGINE=InnoDB AUTO_INCREMENT=7 DEFAULT CHARSET=utf8mb3 COLLATE=utf8_unicode_ci;

-- Dumping data for table certchecker.sslsuite: ~6 rows (approximately)
INSERT INTO `sslsuite` (`sslsuite_id`, `sslsuite_name`, `ssldisplay`, `ok`) VALUES
	(1, 'ssl_2_0_cipher_suites', 'SSL 2.0', 0),
	(2, 'ssl_3_0_cipher_suites', 'SSL 3.0', 0),
	(3, 'tls_1_0_cipher_suites', 'TLS 1.0', 0),
	(4, 'tls_1_1_cipher_suites', 'TLS 1.1', 0),
	(5, 'tls_1_2_cipher_suites', 'TLS 1.2', 1),
	(6, 'tls_1_3_cipher_suites', 'TLS 1.3', 1);

/*!40103 SET TIME_ZONE=IFNULL(@OLD_TIME_ZONE, 'system') */;
/*!40101 SET SQL_MODE=IFNULL(@OLD_SQL_MODE, '') */;
/*!40014 SET FOREIGN_KEY_CHECKS=IFNULL(@OLD_FOREIGN_KEY_CHECKS, 1) */;
/*!40101 SET CHARACTER_SET_CLIENT=@OLD_CHARACTER_SET_CLIENT */;
/*!40111 SET SQL_NOTES=IFNULL(@OLD_SQL_NOTES, 1) */;
