-- --------------------------------------------------------
-- Host:                         192.168.1.190
-- Server version:               8.0.28-0ubuntu0.20.04.3 - (Ubuntu)
-- Server OS:                    Linux
-- HeidiSQL Version:             12.0.0.6468
-- --------------------------------------------------------

/*!40101 SET @OLD_CHARACTER_SET_CLIENT=@@CHARACTER_SET_CLIENT */;
/*!40101 SET NAMES utf8 */;
/*!50503 SET NAMES utf8mb4 */;
/*!40103 SET @OLD_TIME_ZONE=@@TIME_ZONE */;
/*!40103 SET TIME_ZONE='+00:00' */;
/*!40014 SET @OLD_FOREIGN_KEY_CHECKS=@@FOREIGN_KEY_CHECKS, FOREIGN_KEY_CHECKS=0 */;
/*!40101 SET @OLD_SQL_MODE=@@SQL_MODE, SQL_MODE='NO_AUTO_VALUE_ON_ZERO' */;
/*!40111 SET @OLD_SQL_NOTES=@@SQL_NOTES, SQL_NOTES=0 */;


-- Dumping database structure for certchecker
CREATE DATABASE IF NOT EXISTS `certchecker` /*!40100 DEFAULT CHARACTER SET utf8 COLLATE utf8_unicode_ci */ /*!80016 DEFAULT ENCRYPTION='N' */;
USE `certchecker`;

-- Dumping structure for table certchecker.cyphersuite
CREATE TABLE IF NOT EXISTS `cyphersuite` (
  `cyphersuite_id` int NOT NULL AUTO_INCREMENT,
  `cypher_name` varchar(128) CHARACTER SET utf8 COLLATE utf8_unicode_ci DEFAULT NULL,
  `ok` tinyint DEFAULT '0',
  PRIMARY KEY (`cyphersuite_id`) USING BTREE
) ENGINE=InnoDB AUTO_INCREMENT=262 DEFAULT CHARSET=utf8mb3 COLLATE=utf8_unicode_ci ROW_FORMAT=DYNAMIC;

-- Dumping data for table certchecker.cyphersuite: ~0 rows (approximately)
INSERT INTO `cyphersuite` (`cyphersuite_id`, `cypher_name`, `ok`) VALUES
	(7, 'SSL_CK_DES_192_EDE3_CBC_WITH_MD5\r', 0),
	(8, 'SSL_CK_DES_64_CBC_WITH_MD5\r', 0),
	(9, 'SSL_CK_IDEA_128_CBC_WITH_MD5\r', 0),
	(10, 'SSL_CK_RC2_128_CBC_EXPORT40_WITH_MD5\r', 0),
	(11, 'SSL_CK_RC2_128_CBC_WITH_MD5\r', 0),
	(12, 'SSL_CK_RC4_128_EXPORT40_WITH_MD5\r', 0),
	(13, 'SSL_CK_RC4_128_WITH_MD5\r', 0),
	(14, 'TLS_AES_128_CCM_8_SHA256\r', 0),
	(15, 'TLS_AES_128_CCM_SHA256\r', 0),
	(16, 'TLS_AES_128_GCM_SHA256\r', 0),
	(17, 'TLS_AES_256_GCM_SHA384\r', 0),
	(18, 'TLS_CHACHA20_POLY1305_SHA256\r', 0),
	(19, 'TLS_DH_anon_EXPORT_WITH_DES40_CBC_SHA\r', 0),
	(20, 'TLS_DH_anon_EXPORT_WITH_RC4_40_MD5\r', 0),
	(21, 'TLS_DH_anon_WITH_3DES_EDE_CBC_SHA\r', 0),
	(22, 'TLS_DH_anon_WITH_AES_128_CBC_SHA\r', 0),
	(23, 'TLS_DH_anon_WITH_AES_128_CBC_SHA256\r', 0),
	(24, 'TLS_DH_anon_WITH_AES_128_GCM_SHA256\r', 0),
	(25, 'TLS_DH_anon_WITH_AES_256_CBC_SHA\r', 0),
	(26, 'TLS_DH_anon_WITH_AES_256_CBC_SHA256\r', 0),
	(27, 'TLS_DH_anon_WITH_AES_256_GCM_SHA384\r', 0),
	(28, 'TLS_DH_anon_WITH_CAMELLIA_128_CBC_SHA\r', 0),
	(29, 'TLS_DH_anon_WITH_CAMELLIA_256_CBC_SHA\r', 0),
	(30, 'TLS_DH_anon_WITH_DES_CBC_SHA\r', 0),
	(31, 'TLS_DH_anon_WITH_RC4_128_MD5\r', 0),
	(32, 'TLS_DH_anon_WITH_SEED_CBC_SHA\r', 0),
	(33, 'TLS_DH_DSS_WITH_3DES_EDE_CBC_SHA\r', 0),
	(34, 'TLS_DH_DSS_WITH_AES_128_CBC_SHA\r', 0),
	(35, 'TLS_DH_DSS_WITH_AES_128_CBC_SHA256\r', 0),
	(36, 'TLS_DH_DSS_WITH_AES_128_GCM_SHA256\r', 0),
	(37, 'TLS_DH_DSS_WITH_AES_256_CBC_SHA\r', 0),
	(38, 'TLS_DH_DSS_WITH_AES_256_CBC_SHA256\r', 0),
	(39, 'TLS_DH_DSS_WITH_AES_256_GCM_SHA384\r', 0),
	(40, 'TLS_DH_DSS_WITH_CAMELLIA_128_CBC_SHA\r', 0),
	(41, 'TLS_DH_DSS_WITH_CAMELLIA_256_CBC_SHA\r', 0),
	(42, 'TLS_DH_DSS_WITH_DES_CBC_SHA\r', 0),
	(43, 'TLS_DH_DSS_WITH_SEED_CBC_SHA\r', 0),
	(44, 'TLS_DHE_DSS_EXPORT_WITH_DES40_CBC_SHA\r', 0),
	(45, 'TLS_DHE_DSS_WITH_3DES_EDE_CBC_SHA\r', 0),
	(46, 'TLS_DHE_DSS_WITH_AES_128_CBC_SHA\r', 0),
	(47, 'TLS_DHE_DSS_WITH_AES_128_CBC_SHA256\r', 0),
	(48, 'TLS_DHE_DSS_WITH_AES_128_GCM_SHA256\r', 0),
	(49, 'TLS_DHE_DSS_WITH_AES_256_CBC_SHA\r', 0),
	(50, 'TLS_DHE_DSS_WITH_AES_256_CBC_SHA256\r', 0),
	(51, 'TLS_DHE_DSS_WITH_AES_256_GCM_SHA384\r', 0),
	(52, 'TLS_DHE_DSS_WITH_ARIA_128_GCM_SHA256\r', 0),
	(53, 'TLS_DHE_DSS_WITH_ARIA_256_GCM_SHA384\r', 0),
	(54, 'TLS_DHE_DSS_WITH_CAMELLIA_128_CBC_SHA\r', 0),
	(55, 'TLS_DHE_DSS_WITH_CAMELLIA_128_CBC_SHA256\r', 0),
	(56, 'TLS_DHE_DSS_WITH_CAMELLIA_256_CBC_SHA\r', 0),
	(57, 'TLS_DHE_DSS_WITH_CAMELLIA_256_CBC_SHA256\r', 0),
	(58, 'TLS_DHE_DSS_WITH_DES_CBC_SHA\r', 0),
	(59, 'TLS_DHE_DSS_WITH_SEED_CBC_SHA\r', 0),
	(60, 'TLS_DHE_RSA_EXPORT_WITH_DES40_CBC_SHA\r', 0),
	(61, 'TLS_DHE_RSA_WITH_3DES_EDE_CBC_SHA\r', 0),
	(62, 'TLS_DHE_RSA_WITH_AES_128_CBC_SHA\r', 0),
	(63, 'TLS_DHE_RSA_WITH_AES_128_CBC_SHA256\r', 0),
	(64, 'TLS_DHE_RSA_WITH_AES_128_CCM\r', 0),
	(65, 'TLS_DHE_RSA_WITH_AES_128_CCM_8\r', 0),
	(66, 'TLS_DHE_RSA_WITH_AES_128_GCM_SHA256\r', 1),
	(67, 'TLS_DHE_RSA_WITH_AES_256_CBC_SHA\r', 0),
	(68, 'TLS_DHE_RSA_WITH_AES_256_CBC_SHA256\r', 0),
	(69, 'TLS_DHE_RSA_WITH_AES_256_CCM\r', 0),
	(70, 'TLS_DHE_RSA_WITH_AES_256_CCM_8\r', 0),
	(71, 'TLS_DHE_RSA_WITH_AES_256_GCM_SHA384\r', 1),
	(72, 'TLS_DHE_RSA_WITH_ARIA_128_GCM_SHA256\r', 0),
	(73, 'TLS_DHE_RSA_WITH_ARIA_256_GCM_SHA384\r', 0),
	(74, 'TLS_DHE_RSA_WITH_CAMELLIA_128_CBC_SHA\r', 0),
	(75, 'TLS_DHE_RSA_WITH_CAMELLIA_128_CBC_SHA256\r', 0),
	(76, 'TLS_DHE_RSA_WITH_CAMELLIA_256_CBC_SHA\r', 0),
	(77, 'TLS_DHE_RSA_WITH_CAMELLIA_256_CBC_SHA256\r', 0),
	(78, 'TLS_DHE_RSA_WITH_CHACHA20_POLY1305_SHA256\r', 0),
	(79, 'TLS_DHE_RSA_WITH_DES_CBC_SHA\r', 0),
	(80, 'TLS_DHE_RSA_WITH_SEED_CBC_SHA\r', 0),
	(81, 'TLS_DH_RSA_WITH_3DES_EDE_CBC_SHA\r', 0),
	(82, 'TLS_DH_RSA_WITH_AES_128_CBC_SHA\r', 0),
	(83, 'TLS_DH_RSA_WITH_AES_128_CBC_SHA256\r', 0),
	(84, 'TLS_DH_RSA_WITH_AES_128_GCM_SHA256\r', 0),
	(85, 'TLS_DH_RSA_WITH_AES_256_CBC_SHA\r', 0),
	(86, 'TLS_DH_RSA_WITH_AES_256_CBC_SHA256\r', 0),
	(87, 'TLS_DH_RSA_WITH_AES_256_GCM_SHA384\r', 0),
	(88, 'TLS_DH_RSA_WITH_CAMELLIA_128_CBC_SHA\r', 0),
	(89, 'TLS_DH_RSA_WITH_CAMELLIA_256_CBC_SHA\r', 0),
	(90, 'TLS_DH_RSA_WITH_DES_CBC_SHA\r', 0),
	(91, 'TLS_DH_RSA_WITH_SEED_CBC_SHA\r', 0),
	(92, 'TLS_ECDH_anon_WITH_3DES_EDE_CBC_SHA\r', 0),
	(93, 'TLS_ECDH_anon_WITH_AES_128_CBC_SHA\r', 0),
	(94, 'TLS_ECDH_anon_WITH_AES_256_CBC_SHA\r', 0),
	(95, 'TLS_ECDH_anon_WITH_NULL_SHA\r', 0),
	(96, 'TLS_ECDH_anon_WITH_RC4_128_SHA\r', 0),
	(97, 'TLS_ECDH_ECDSA_WITH_3DES_EDE_CBC_SHA\r', 0),
	(98, 'TLS_ECDH_ECDSA_WITH_AES_128_CBC_SHA\r', 0),
	(99, 'TLS_ECDH_ECDSA_WITH_AES_128_CBC_SHA256\r', 0),
	(100, 'TLS_ECDH_ECDSA_WITH_AES_128_GCM_SHA256\r', 1),
	(101, 'TLS_ECDH_ECDSA_WITH_AES_256_CBC_SHA\r', 0),
	(102, 'TLS_ECDH_ECDSA_WITH_AES_256_CBC_SHA384\r', 0),
	(103, 'TLS_ECDH_ECDSA_WITH_AES_256_GCM_SHA384\r', 1),
	(104, 'TLS_ECDH_ECDSA_WITH_NULL_SHA\r', 0),
	(105, 'TLS_ECDH_ECDSA_WITH_RC4_128_SHA\r', 0),
	(106, 'TLS_ECDHE_ECDSA_WITH_3DES_EDE_CBC_SHA\r', 0),
	(107, 'TLS_ECDHE_ECDSA_WITH_AES_128_CBC_SHA\r', 0),
	(108, 'TLS_ECDHE_ECDSA_WITH_AES_128_CBC_SHA256\r', 0),
	(109, 'TLS_ECDHE_ECDSA_WITH_AES_128_CCM\r', 0),
	(110, 'TLS_ECDHE_ECDSA_WITH_AES_128_CCM_8\r', 0),
	(111, 'TLS_ECDHE_ECDSA_WITH_AES_128_GCM_SHA256\r', 0),
	(112, 'TLS_ECDHE_ECDSA_WITH_AES_256_CBC_SHA\r', 0),
	(113, 'TLS_ECDHE_ECDSA_WITH_AES_256_CBC_SHA384\r', 0),
	(114, 'TLS_ECDHE_ECDSA_WITH_AES_256_CCM\r', 0),
	(115, 'TLS_ECDHE_ECDSA_WITH_AES_256_CCM_8\r', 0),
	(116, 'TLS_ECDHE_ECDSA_WITH_AES_256_GCM_SHA384\r', 0),
	(117, 'TLS_ECDHE_ECDSA_WITH_ARIA_128_GCM_SHA256\r', 0),
	(118, 'TLS_ECDHE_ECDSA_WITH_ARIA_256_GCM_SHA384\r', 0),
	(119, 'TLS_ECDHE_ECDSA_WITH_CAMELLIA_128_CBC_SHA256\r', 0),
	(120, 'TLS_ECDHE_ECDSA_WITH_CAMELLIA_256_CBC_SHA384\r', 0),
	(121, 'TLS_ECDHE_ECDSA_WITH_CHACHA20_POLY1305_SHA256\r', 1),
	(122, 'TLS_ECDHE_ECDSA_WITH_NULL_SHA\r', 0),
	(123, 'TLS_ECDHE_ECDSA_WITH_RC4_128_SHA\r', 0),
	(124, 'TLS_ECDHE_RSA_WITH_3DES_EDE_CBC_SHA\r', 0),
	(125, 'TLS_ECDHE_RSA_WITH_AES_128_CBC_SHA\r', 0),
	(126, 'TLS_ECDHE_RSA_WITH_AES_128_CBC_SHA256\r', 0),
	(127, 'TLS_ECDHE_RSA_WITH_AES_128_GCM_SHA256\r', 0),
	(128, 'TLS_ECDHE_RSA_WITH_AES_256_CBC_SHA\r', 0),
	(129, 'TLS_ECDHE_RSA_WITH_AES_256_CBC_SHA384\r', 0),
	(130, 'TLS_ECDHE_RSA_WITH_AES_256_GCM_SHA384\r', 0),
	(131, 'TLS_ECDHE_RSA_WITH_ARIA_128_GCM_SHA256\r', 0),
	(132, 'TLS_ECDHE_RSA_WITH_ARIA_256_GCM_SHA384\r', 0),
	(133, 'TLS_ECDHE_RSA_WITH_CAMELLIA_128_CBC_SHA256\r', 0),
	(134, 'TLS_ECDHE_RSA_WITH_CAMELLIA_256_CBC_SHA384\r', 0),
	(135, 'TLS_ECDHE_RSA_WITH_CHACHA20_POLY1305_SHA256\r', 1),
	(136, 'TLS_ECDHE_RSA_WITH_NULL_SHA\r', 0),
	(137, 'TLS_ECDHE_RSA_WITH_RC4_128_SHA\r', 0),
	(138, 'TLS_ECDH_RSA_WITH_3DES_EDE_CBC_SHA\r', 0),
	(139, 'TLS_ECDH_RSA_WITH_AES_128_CBC_SHA\r', 0),
	(140, 'TLS_ECDH_RSA_WITH_AES_128_CBC_SHA256\r', 0),
	(141, 'TLS_ECDH_RSA_WITH_AES_128_GCM_SHA256\r', 1),
	(142, 'TLS_ECDH_RSA_WITH_AES_256_CBC_SHA\r', 0),
	(143, 'TLS_ECDH_RSA_WITH_AES_256_CBC_SHA384\r', 0),
	(144, 'TLS_ECDH_RSA_WITH_AES_256_GCM_SHA384\r', 1),
	(145, 'TLS_ECDH_RSA_WITH_NULL_SHA\r', 0),
	(146, 'TLS_ECDH_RSA_WITH_RC4_128_SHA\r', 0),
	(147, 'TLS_RSA_EXPORT_WITH_DES40_CBC_SHA\r', 0),
	(148, 'TLS_RSA_EXPORT_WITH_RC2_CBC_40_MD5\r', 0),
	(149, 'TLS_RSA_EXPORT_WITH_RC4_40_MD5\r', 0),
	(150, 'TLS_RSA_WITH_3DES_EDE_CBC_SHA\r', 0),
	(151, 'TLS_RSA_WITH_AES_128_CBC_SHA\r', 0),
	(152, 'TLS_RSA_WITH_AES_128_CBC_SHA256\r', 0),
	(153, 'TLS_RSA_WITH_AES_128_CCM\r', 0),
	(154, 'TLS_RSA_WITH_AES_128_CCM_8\r', 0),
	(155, 'TLS_RSA_WITH_AES_128_GCM_SHA256\r', 0),
	(156, 'TLS_RSA_WITH_AES_256_CBC_SHA\r', 0),
	(157, 'TLS_RSA_WITH_AES_256_CBC_SHA256\r', 0),
	(158, 'TLS_RSA_WITH_AES_256_CCM\r', 0),
	(159, 'TLS_RSA_WITH_AES_256_CCM_8\r', 0),
	(160, 'TLS_RSA_WITH_AES_256_GCM_SHA384\r', 0),
	(161, 'TLS_RSA_WITH_ARIA_128_GCM_SHA256\r', 0),
	(162, 'TLS_RSA_WITH_ARIA_256_GCM_SHA384\r', 0),
	(163, 'TLS_RSA_WITH_CAMELLIA_128_CBC_SHA\r', 0),
	(164, 'TLS_RSA_WITH_CAMELLIA_128_CBC_SHA256\r', 0),
	(165, 'TLS_RSA_WITH_CAMELLIA_256_CBC_SHA\r', 0),
	(166, 'TLS_RSA_WITH_CAMELLIA_256_CBC_SHA256\r', 0),
	(167, 'TLS_RSA_WITH_DES_CBC_SHA\r', 0),
	(168, 'TLS_RSA_WITH_IDEA_CBC_SHA\r', 0),
	(169, 'TLS_RSA_WITH_NULL_MD5\r', 0),
	(170, 'TLS_RSA_WITH_NULL_SHA\r', 0),
	(171, 'TLS_RSA_WITH_NULL_SHA256\r', 0),
	(172, 'TLS_RSA_WITH_RC4_128_MD5\r', 0),
	(173, 'TLS_RSA_WITH_RC4_128_SHA\r', 0),
	(174, 'TLS_RSA_WITH_SEED_CBC_SHA', 0);

-- Dumping structure for table certchecker.site
CREATE TABLE IF NOT EXISTS `site` (
  `sslsite_id` int NOT NULL AUTO_INCREMENT,
  `address` varchar(256) COLLATE utf8_unicode_ci DEFAULT NULL,
  `highestssl` varchar(64) COLLATE utf8_unicode_ci DEFAULT NULL,
  `robotresult` varchar(64) COLLATE utf8_unicode_ci DEFAULT NULL,
  `heartbleed` tinyint DEFAULT NULL,
  `cssinjection` tinyint DEFAULT NULL,
  `renegodos` tinyint DEFAULT NULL,
  `secrenego` tinyint DEFAULT NULL,
  `firstts` datetime NOT NULL DEFAULT CURRENT_TIMESTAMP,
  `tryts` datetime NOT NULL DEFAULT CURRENT_TIMESTAMP ON UPDATE CURRENT_TIMESTAMP,
  `successts` datetime DEFAULT NULL,
  `failcount` smallint NOT NULL DEFAULT '0',
  PRIMARY KEY (`sslsite_id`)
) ENGINE=InnoDB AUTO_INCREMENT=17 DEFAULT CHARSET=utf8mb3 COLLATE=utf8_unicode_ci;

-- Dumping data for table certchecker.site: ~9 rows (approximately)
INSERT INTO `site` (`sslsite_id`, `address`, `highestssl`, `robotresult`, `heartbleed`, `cssinjection`, `renegodos`, `secrenego`, `firstts`, `tryts`, `successts`, `failcount`) VALUES
	(8, '123346', NULL, NULL, NULL, NULL, NULL, NULL, '2022-04-12 21:43:36', '2022-04-14 19:46:46', NULL, 3),
	(9, '192.168.1.1', 'TLS_1_2', 'NOT_VULNERABLE_NO_ORACLE', 0, 0, 0, 1, '2022-04-12 21:51:40', '2022-04-14 19:37:30', '2022-04-14 19:37:30', 0),
	(10, 'www.cisco.com', 'TLS_1_3', 'NOT_VULNERABLE_RSA_NOT_SUPPORTED', 0, 0, 1, 1, '2022-04-12 22:23:37', '2022-04-14 19:32:44', '2022-04-14 19:32:44', 0),
	(11, 'www.google.com', 'TLS_1_3', 'NOT_VULNERABLE_NO_ORACLE', 0, 0, 0, 1, '2022-04-14 19:02:25', '2022-04-14 19:02:25', '2022-04-14 19:02:25', 0),
	(12, '192.168.1.2', NULL, NULL, NULL, NULL, NULL, NULL, '2022-04-14 19:37:39', '2022-04-14 19:37:39', NULL, 1),
	(13, '192.168.1.1:443', 'TLS_1_2', 'NOT_VULNERABLE_NO_ORACLE', 0, 0, 0, 1, '2022-04-14 19:38:12', '2022-04-14 19:40:56', '2022-04-14 19:40:56', 0),
	(14, 'youtube.com', 'TLS_1_3', 'NOT_VULNERABLE_NO_ORACLE', 0, 0, 0, 1, '2022-04-14 22:25:38', '2022-04-14 22:25:38', '2022-04-14 22:25:38', 0),
	(15, 'gmail.com', 'TLS_1_3', 'NOT_VULNERABLE_NO_ORACLE', 0, 0, 0, 1, '2022-04-14 22:26:41', '2022-04-14 22:26:41', '2022-04-14 22:26:41', 0),
	(16, 'facebook.com', 'TLS_1_3', 'NOT_VULNERABLE_NO_ORACLE', 0, 0, 0, 1, '2022-04-14 22:27:38', '2022-04-14 22:27:38', '2022-04-14 22:27:38', 0);

-- Dumping structure for table certchecker.sitecert
CREATE TABLE IF NOT EXISTS `sitecert` (
  `sslsite_id` int DEFAULT NULL,
  `serial` varchar(256) CHARACTER SET utf8 COLLATE utf8_unicode_ci DEFAULT NULL,
  `cn` varchar(256) CHARACTER SET utf8 COLLATE utf8_unicode_ci DEFAULT NULL,
  `algoname` varchar(256) COLLATE utf8_unicode_ci DEFAULT NULL,
  `hashname` varchar(256) COLLATE utf8_unicode_ci DEFAULT NULL,
  `algo` varchar(256) COLLATE utf8_unicode_ci DEFAULT NULL,
  `countryName` varchar(256) COLLATE utf8_unicode_ci DEFAULT NULL,
  `stateOrProvinceName` varchar(256) COLLATE utf8_unicode_ci DEFAULT NULL,
  `localityName` varchar(256) COLLATE utf8_unicode_ci DEFAULT NULL,
  `organizationName` varchar(256) CHARACTER SET utf8 COLLATE utf8_unicode_ci DEFAULT NULL,
  `organizationalUnitName` varchar(256) COLLATE utf8_unicode_ci DEFAULT NULL,
  `emailAddress` varchar(256) COLLATE utf8_unicode_ci DEFAULT NULL,
  `commonName` varchar(256) COLLATE utf8_unicode_ci DEFAULT NULL,
  `keysize` mediumint DEFAULT NULL,
  `alive` tinyint DEFAULT '1',
  `expiration` datetime DEFAULT NULL,
  `firstts` datetime DEFAULT CURRENT_TIMESTAMP,
  `updatets` datetime DEFAULT CURRENT_TIMESTAMP ON UPDATE CURRENT_TIMESTAMP,
  KEY `FK_certsite_site` (`sslsite_id`) USING BTREE,
  CONSTRAINT `sitecert_ibfk_1` FOREIGN KEY (`sslsite_id`) REFERENCES `site` (`sslsite_id`) ON DELETE CASCADE ON UPDATE CASCADE
) ENGINE=InnoDB DEFAULT CHARSET=utf8mb3 COLLATE=utf8_unicode_ci ROW_FORMAT=DYNAMIC;

-- Dumping data for table certchecker.sitecert: ~16 rows (approximately)
INSERT INTO `sitecert` (`sslsite_id`, `serial`, `cn`, `algoname`, `hashname`, `algo`, `countryName`, `stateOrProvinceName`, `localityName`, `organizationName`, `organizationalUnitName`, `emailAddress`, `commonName`, `keysize`, `alive`, `expiration`, `firstts`, `updatets`) VALUES
	(10, '85078322709108047514469518940032702059', 'CN=www.cisco.com,O=Cisco Systems Inc.,L=San Jose,ST=California,C=US', 'sha256WithRSAEncryption', 'sha256', '_RSAPublicKey', 'US', NULL, NULL, 'IdenTrust', 'HydrantID Trusted Certificate Service', NULL, 'HydrantID Server CA O1', 2048, 1, '2022-11-16 21:34:14', '2022-04-13 18:40:36', '2022-04-14 19:32:44'),
	(10, '85078034981552318268408137974808230776', 'C=US,O=IdenTrust,OU=HydrantID Trusted Certificate Service,CN=HydrantID Server CA O1', 'sha256WithRSAEncryption', 'sha256', '_RSAPublicKey', 'US', NULL, NULL, 'IdenTrust', NULL, NULL, 'IdenTrust Commercial Root CA 1', 2048, 1, '2029-12-12 16:56:15', '2022-04-13 18:40:36', '2022-04-14 19:32:45'),
	(10, '13298821034946342390520003877796839426', 'C=US,O=IdenTrust,CN=IdenTrust Commercial Root CA 1', 'sha256WithRSAEncryption', 'sha256', '_RSAPublicKey', 'US', NULL, NULL, 'IdenTrust', NULL, NULL, 'IdenTrust Commercial Root CA 1', 4096, 1, '2034-01-16 18:12:23', '2022-04-13 18:40:36', '2022-04-14 19:32:45'),
	(11, '259309961187646395622493212821990173132', 'CN=www.google.com', 'sha256WithRSAEncryption', 'sha256', '_EllipticCurvePublicKey', 'US', NULL, NULL, 'Google Trust Services LLC', NULL, NULL, 'GTS CA 1C3', 256, 1, '2022-06-20 02:26:06', '2022-04-14 19:02:25', '2022-04-14 19:02:25'),
	(11, '159612451717983579589660725350', 'C=US,O=Google Trust Services LLC,CN=GTS CA 1C3', 'sha256WithRSAEncryption', 'sha256', '_RSAPublicKey', 'US', NULL, NULL, 'Google Trust Services LLC', NULL, NULL, 'GTS Root R1', 2048, 1, '2027-09-30 00:00:42', '2022-04-14 19:02:25', '2022-04-14 19:02:25'),
	(11, '159159747900478145820483398898491642637', 'C=US,O=Google Trust Services LLC,CN=GTS Root R1', 'sha256WithRSAEncryption', 'sha256', '_RSAPublicKey', 'BE', NULL, NULL, 'GlobalSign nv-sa', 'Root CA', NULL, 'GlobalSign Root CA', 4096, 1, '2028-01-28 00:00:42', '2022-04-14 19:02:25', '2022-04-14 19:02:25'),
	(9, '17665477071290710353', 'C=US,ST=California,L=Irvine,O=GreenWave Systems,OU=PKI,CN=GreenWave Systems,1.2.840.113549.1.9.1=admin@greenwavesystems.com', 'sha512WithRSAEncryption', 'sha512', '_RSAPublicKey', 'US', 'California', 'Irvine', 'GreenWave Systems', 'PKI', 'admin@greenwavesystems.com', 'GreenWave Systems', 2048, 1, '2025-09-29 05:49:58', '2022-04-14 19:03:32', '2022-04-14 19:37:30'),
	(13, '17665477071290710353', 'C=US,ST=California,L=Irvine,O=GreenWave Systems,OU=PKI,CN=GreenWave Systems,1.2.840.113549.1.9.1=admin@greenwavesystems.com', 'sha512WithRSAEncryption', 'sha512', '_RSAPublicKey', 'US', 'California', 'Irvine', 'GreenWave Systems', 'PKI', 'admin@greenwavesystems.com', 'GreenWave Systems', 2048, 1, '2025-09-29 05:49:58', '2022-04-14 19:40:56', '2022-04-14 19:40:56'),
	(14, '127502721819390281842608657486466279250', 'CN=*.google.com', 'sha256WithRSAEncryption', 'sha256', '_EllipticCurvePublicKey', 'US', NULL, NULL, 'Google Trust Services LLC', NULL, NULL, 'GTS CA 1C3', 256, 1, '2022-06-20 01:19:43', '2022-04-14 22:25:38', '2022-04-14 22:25:38'),
	(14, '159612451717983579589660725350', 'C=US,O=Google Trust Services LLC,CN=GTS CA 1C3', 'sha256WithRSAEncryption', 'sha256', '_RSAPublicKey', 'US', NULL, NULL, 'Google Trust Services LLC', NULL, NULL, 'GTS Root R1', 2048, 1, '2027-09-30 00:00:42', '2022-04-14 22:25:38', '2022-04-14 22:25:38'),
	(14, '159159747900478145820483398898491642637', 'C=US,O=Google Trust Services LLC,CN=GTS Root R1', 'sha256WithRSAEncryption', 'sha256', '_RSAPublicKey', 'BE', NULL, NULL, 'GlobalSign nv-sa', 'Root CA', NULL, 'GlobalSign Root CA', 4096, 1, '2028-01-28 00:00:42', '2022-04-14 22:25:38', '2022-04-14 22:25:38'),
	(15, '239703490775582446354084052672389545704', 'CN=gmail.com', 'sha256WithRSAEncryption', 'sha256', '_EllipticCurvePublicKey', 'US', NULL, NULL, 'Google Trust Services LLC', NULL, NULL, 'GTS CA 1C3', 256, 1, '2022-06-13 03:11:21', '2022-04-14 22:26:41', '2022-04-14 22:26:41'),
	(15, '159612451717983579589660725350', 'C=US,O=Google Trust Services LLC,CN=GTS CA 1C3', 'sha256WithRSAEncryption', 'sha256', '_RSAPublicKey', 'US', NULL, NULL, 'Google Trust Services LLC', NULL, NULL, 'GTS Root R1', 2048, 1, '2027-09-30 00:00:42', '2022-04-14 22:26:41', '2022-04-14 22:26:42'),
	(15, '159159747900478145820483398898491642637', 'C=US,O=Google Trust Services LLC,CN=GTS Root R1', 'sha256WithRSAEncryption', 'sha256', '_RSAPublicKey', 'BE', NULL, NULL, 'GlobalSign nv-sa', 'Root CA', NULL, 'GlobalSign Root CA', 4096, 1, '2028-01-28 00:00:42', '2022-04-14 22:26:42', '2022-04-14 22:26:42'),
	(16, '16320620214060419842845596481524843747', 'C=US,ST=California,L=Menlo Park,O=Facebook\\, Inc.,CN=*.facebook.com', 'sha256WithRSAEncryption', 'sha256', '_EllipticCurvePublicKey', 'US', NULL, NULL, 'DigiCert Inc', 'www.digicert.com', NULL, 'DigiCert SHA2 High Assurance Server CA', 256, 1, '2022-04-22 23:59:59', '2022-04-14 22:27:38', '2022-04-14 22:27:38'),
	(16, '6489877074546166222510380951761917343', 'C=US,O=DigiCert Inc,OU=www.digicert.com,CN=DigiCert SHA2 High Assurance Server CA', 'sha256WithRSAEncryption', 'sha256', '_RSAPublicKey', 'US', NULL, NULL, 'DigiCert Inc', 'www.digicert.com', NULL, 'DigiCert High Assurance EV Root CA', 2048, 1, '2028-10-22 12:00:00', '2022-04-14 22:27:38', '2022-04-14 22:27:38');

-- Dumping structure for table certchecker.sitedns
CREATE TABLE IF NOT EXISTS `sitedns` (
  `sslsite_id` int NOT NULL AUTO_INCREMENT,
  `dns` varchar(512) CHARACTER SET utf8 COLLATE utf8_unicode_ci DEFAULT NULL,
  `alive` tinyint DEFAULT '1',
  `firstts` datetime NOT NULL DEFAULT CURRENT_TIMESTAMP,
  `updatets` datetime NOT NULL DEFAULT CURRENT_TIMESTAMP ON UPDATE CURRENT_TIMESTAMP,
  KEY `FK_sitedns_site` (`sslsite_id`),
  CONSTRAINT `FK_sitedns_site` FOREIGN KEY (`sslsite_id`) REFERENCES `site` (`sslsite_id`)
) ENGINE=InnoDB AUTO_INCREMENT=17 DEFAULT CHARSET=utf8mb3 COLLATE=utf8_unicode_ci ROW_FORMAT=DYNAMIC;

-- Dumping data for table certchecker.sitedns: ~147 rows (approximately)
INSERT INTO `sitedns` (`sslsite_id`, `dns`, `alive`, `firstts`, `updatets`) VALUES
	(10, 'cisco.com', 1, '2022-04-14 19:31:29', '2022-04-14 19:32:45'),
	(10, 'www.cisco.com', 1, '2022-04-14 19:32:18', '2022-04-14 19:32:45'),
	(10, 'www.mediafiles-cisco.com', 1, '2022-04-14 19:32:18', '2022-04-14 19:32:45'),
	(10, 'www.static-cisco.com', 1, '2022-04-14 19:32:18', '2022-04-14 19:32:45'),
	(14, '*.google.com', 1, '2022-04-14 22:25:39', '2022-04-14 22:25:39'),
	(14, '*.appengine.google.com', 1, '2022-04-14 22:25:39', '2022-04-14 22:25:39'),
	(14, '*.bdn.dev', 1, '2022-04-14 22:25:39', '2022-04-14 22:25:39'),
	(14, '*.cloud.google.com', 1, '2022-04-14 22:25:39', '2022-04-14 22:25:39'),
	(14, '*.crowdsource.google.com', 1, '2022-04-14 22:25:39', '2022-04-14 22:25:39'),
	(14, '*.datacompute.google.com', 1, '2022-04-14 22:25:39', '2022-04-14 22:25:39'),
	(14, '*.google.ca', 1, '2022-04-14 22:25:39', '2022-04-14 22:25:39'),
	(14, '*.google.cl', 1, '2022-04-14 22:25:39', '2022-04-14 22:25:39'),
	(14, '*.google.co.in', 1, '2022-04-14 22:25:39', '2022-04-14 22:25:39'),
	(14, '*.google.co.jp', 1, '2022-04-14 22:25:39', '2022-04-14 22:25:39'),
	(14, '*.google.co.uk', 1, '2022-04-14 22:25:39', '2022-04-14 22:25:39'),
	(14, '*.google.com.ar', 1, '2022-04-14 22:25:39', '2022-04-14 22:25:39'),
	(14, '*.google.com.au', 1, '2022-04-14 22:25:39', '2022-04-14 22:25:39'),
	(14, '*.google.com.br', 1, '2022-04-14 22:25:39', '2022-04-14 22:25:39'),
	(14, '*.google.com.co', 1, '2022-04-14 22:25:39', '2022-04-14 22:25:39'),
	(14, '*.google.com.mx', 1, '2022-04-14 22:25:39', '2022-04-14 22:25:39'),
	(14, '*.google.com.tr', 1, '2022-04-14 22:25:39', '2022-04-14 22:25:39'),
	(14, '*.google.com.vn', 1, '2022-04-14 22:25:39', '2022-04-14 22:25:39'),
	(14, '*.google.de', 1, '2022-04-14 22:25:39', '2022-04-14 22:25:39'),
	(14, '*.google.es', 1, '2022-04-14 22:25:39', '2022-04-14 22:25:39'),
	(14, '*.google.fr', 1, '2022-04-14 22:25:39', '2022-04-14 22:25:39'),
	(14, '*.google.hu', 1, '2022-04-14 22:25:39', '2022-04-14 22:25:39'),
	(14, '*.google.it', 1, '2022-04-14 22:25:39', '2022-04-14 22:25:39'),
	(14, '*.google.nl', 1, '2022-04-14 22:25:39', '2022-04-14 22:25:39'),
	(14, '*.google.pl', 1, '2022-04-14 22:25:39', '2022-04-14 22:25:39'),
	(14, '*.google.pt', 1, '2022-04-14 22:25:39', '2022-04-14 22:25:39'),
	(14, '*.googleadapis.com', 1, '2022-04-14 22:25:39', '2022-04-14 22:25:39'),
	(14, '*.googleapis.cn', 1, '2022-04-14 22:25:39', '2022-04-14 22:25:39'),
	(14, '*.googlevideo.com', 1, '2022-04-14 22:25:39', '2022-04-14 22:25:39'),
	(14, '*.gstatic.cn', 1, '2022-04-14 22:25:39', '2022-04-14 22:25:39'),
	(14, '*.gstatic-cn.com', 1, '2022-04-14 22:25:39', '2022-04-14 22:25:39'),
	(14, 'googlecnapps.cn', 1, '2022-04-14 22:25:39', '2022-04-14 22:25:39'),
	(14, '*.googlecnapps.cn', 1, '2022-04-14 22:25:39', '2022-04-14 22:25:39'),
	(14, 'googleapps-cn.com', 1, '2022-04-14 22:25:39', '2022-04-14 22:25:39'),
	(14, '*.googleapps-cn.com', 1, '2022-04-14 22:25:39', '2022-04-14 22:25:39'),
	(14, 'gkecnapps.cn', 1, '2022-04-14 22:25:39', '2022-04-14 22:25:39'),
	(14, '*.gkecnapps.cn', 1, '2022-04-14 22:25:39', '2022-04-14 22:25:39'),
	(14, 'googledownloads.cn', 1, '2022-04-14 22:25:39', '2022-04-14 22:25:39'),
	(14, '*.googledownloads.cn', 1, '2022-04-14 22:25:39', '2022-04-14 22:25:39'),
	(14, 'recaptcha.net.cn', 1, '2022-04-14 22:25:39', '2022-04-14 22:25:39'),
	(14, '*.recaptcha.net.cn', 1, '2022-04-14 22:25:39', '2022-04-14 22:25:39'),
	(14, 'recaptcha-cn.net', 1, '2022-04-14 22:25:39', '2022-04-14 22:25:39'),
	(14, '*.recaptcha-cn.net', 1, '2022-04-14 22:25:39', '2022-04-14 22:25:39'),
	(14, 'widevine.cn', 1, '2022-04-14 22:25:39', '2022-04-14 22:25:39'),
	(14, '*.widevine.cn', 1, '2022-04-14 22:25:39', '2022-04-14 22:25:39'),
	(14, 'ampproject.org.cn', 1, '2022-04-14 22:25:39', '2022-04-14 22:25:39'),
	(14, '*.ampproject.org.cn', 1, '2022-04-14 22:25:39', '2022-04-14 22:25:39'),
	(14, 'ampproject.net.cn', 1, '2022-04-14 22:25:39', '2022-04-14 22:25:39'),
	(14, '*.ampproject.net.cn', 1, '2022-04-14 22:25:39', '2022-04-14 22:25:39'),
	(14, 'google-analytics-cn.com', 1, '2022-04-14 22:25:39', '2022-04-14 22:25:39'),
	(14, '*.google-analytics-cn.com', 1, '2022-04-14 22:25:39', '2022-04-14 22:25:39'),
	(14, 'googleadservices-cn.com', 1, '2022-04-14 22:25:39', '2022-04-14 22:25:39'),
	(14, '*.googleadservices-cn.com', 1, '2022-04-14 22:25:39', '2022-04-14 22:25:39'),
	(14, 'googlevads-cn.com', 1, '2022-04-14 22:25:39', '2022-04-14 22:25:39'),
	(14, '*.googlevads-cn.com', 1, '2022-04-14 22:25:39', '2022-04-14 22:25:39'),
	(14, 'googleapis-cn.com', 1, '2022-04-14 22:25:39', '2022-04-14 22:25:39'),
	(14, '*.googleapis-cn.com', 1, '2022-04-14 22:25:39', '2022-04-14 22:25:39'),
	(14, 'googleoptimize-cn.com', 1, '2022-04-14 22:25:39', '2022-04-14 22:25:39'),
	(14, '*.googleoptimize-cn.com', 1, '2022-04-14 22:25:39', '2022-04-14 22:25:39'),
	(14, 'doubleclick-cn.net', 1, '2022-04-14 22:25:39', '2022-04-14 22:25:39'),
	(14, '*.doubleclick-cn.net', 1, '2022-04-14 22:25:39', '2022-04-14 22:25:39'),
	(14, '*.fls.doubleclick-cn.net', 1, '2022-04-14 22:25:39', '2022-04-14 22:25:39'),
	(14, '*.g.doubleclick-cn.net', 1, '2022-04-14 22:25:39', '2022-04-14 22:25:39'),
	(14, 'doubleclick.cn', 1, '2022-04-14 22:25:39', '2022-04-14 22:25:39'),
	(14, '*.doubleclick.cn', 1, '2022-04-14 22:25:39', '2022-04-14 22:25:39'),
	(14, '*.fls.doubleclick.cn', 1, '2022-04-14 22:25:39', '2022-04-14 22:25:39'),
	(14, '*.g.doubleclick.cn', 1, '2022-04-14 22:25:39', '2022-04-14 22:25:39'),
	(14, 'dartsearch-cn.net', 1, '2022-04-14 22:25:40', '2022-04-14 22:25:40'),
	(14, '*.dartsearch-cn.net', 1, '2022-04-14 22:25:40', '2022-04-14 22:25:40'),
	(14, 'googletraveladservices-cn.com', 1, '2022-04-14 22:25:40', '2022-04-14 22:25:40'),
	(14, '*.googletraveladservices-cn.com', 1, '2022-04-14 22:25:40', '2022-04-14 22:25:40'),
	(14, 'googletagservices-cn.com', 1, '2022-04-14 22:25:40', '2022-04-14 22:25:40'),
	(14, '*.googletagservices-cn.com', 1, '2022-04-14 22:25:40', '2022-04-14 22:25:40'),
	(14, 'googletagmanager-cn.com', 1, '2022-04-14 22:25:40', '2022-04-14 22:25:40'),
	(14, '*.googletagmanager-cn.com', 1, '2022-04-14 22:25:40', '2022-04-14 22:25:40'),
	(14, 'googlesyndication-cn.com', 1, '2022-04-14 22:25:40', '2022-04-14 22:25:40'),
	(14, '*.googlesyndication-cn.com', 1, '2022-04-14 22:25:40', '2022-04-14 22:25:40'),
	(14, '*.safeframe.googlesyndication-cn.com', 1, '2022-04-14 22:25:40', '2022-04-14 22:25:40'),
	(14, 'app-measurement-cn.com', 1, '2022-04-14 22:25:40', '2022-04-14 22:25:40'),
	(14, '*.app-measurement-cn.com', 1, '2022-04-14 22:25:40', '2022-04-14 22:25:40'),
	(14, 'gvt1-cn.com', 1, '2022-04-14 22:25:40', '2022-04-14 22:25:40'),
	(14, '*.gvt1-cn.com', 1, '2022-04-14 22:25:40', '2022-04-14 22:25:40'),
	(14, 'gvt2-cn.com', 1, '2022-04-14 22:25:40', '2022-04-14 22:25:40'),
	(14, '*.gvt2-cn.com', 1, '2022-04-14 22:25:40', '2022-04-14 22:25:40'),
	(14, '2mdn-cn.net', 1, '2022-04-14 22:25:40', '2022-04-14 22:25:40'),
	(14, '*.2mdn-cn.net', 1, '2022-04-14 22:25:40', '2022-04-14 22:25:40'),
	(14, 'googleflights-cn.net', 1, '2022-04-14 22:25:40', '2022-04-14 22:25:40'),
	(14, '*.googleflights-cn.net', 1, '2022-04-14 22:25:40', '2022-04-14 22:25:40'),
	(14, 'admob-cn.com', 1, '2022-04-14 22:25:40', '2022-04-14 22:25:40'),
	(14, '*.admob-cn.com', 1, '2022-04-14 22:25:40', '2022-04-14 22:25:40'),
	(14, '*.gstatic.com', 1, '2022-04-14 22:25:40', '2022-04-14 22:25:40'),
	(14, '*.metric.gstatic.com', 1, '2022-04-14 22:25:40', '2022-04-14 22:25:40'),
	(14, '*.gvt1.com', 1, '2022-04-14 22:25:40', '2022-04-14 22:25:40'),
	(14, '*.gcpcdn.gvt1.com', 1, '2022-04-14 22:25:40', '2022-04-14 22:25:40'),
	(14, '*.gvt2.com', 1, '2022-04-14 22:25:40', '2022-04-14 22:25:40'),
	(14, '*.gcp.gvt2.com', 1, '2022-04-14 22:25:40', '2022-04-14 22:25:40'),
	(14, '*.url.google.com', 1, '2022-04-14 22:25:40', '2022-04-14 22:25:40'),
	(14, '*.youtube-nocookie.com', 1, '2022-04-14 22:25:40', '2022-04-14 22:25:40'),
	(14, '*.ytimg.com', 1, '2022-04-14 22:25:40', '2022-04-14 22:25:40'),
	(14, 'android.com', 1, '2022-04-14 22:25:40', '2022-04-14 22:25:40'),
	(14, '*.android.com', 1, '2022-04-14 22:25:40', '2022-04-14 22:25:40'),
	(14, '*.flash.android.com', 1, '2022-04-14 22:25:40', '2022-04-14 22:25:40'),
	(14, 'g.cn', 1, '2022-04-14 22:25:40', '2022-04-14 22:25:40'),
	(14, '*.g.cn', 1, '2022-04-14 22:25:40', '2022-04-14 22:25:40'),
	(14, 'g.co', 1, '2022-04-14 22:25:40', '2022-04-14 22:25:40'),
	(14, '*.g.co', 1, '2022-04-14 22:25:40', '2022-04-14 22:25:40'),
	(14, 'goo.gl', 1, '2022-04-14 22:25:40', '2022-04-14 22:25:40'),
	(14, 'www.goo.gl', 1, '2022-04-14 22:25:40', '2022-04-14 22:25:40'),
	(14, 'google-analytics.com', 1, '2022-04-14 22:25:40', '2022-04-14 22:25:40'),
	(14, '*.google-analytics.com', 1, '2022-04-14 22:25:40', '2022-04-14 22:25:40'),
	(14, 'google.com', 1, '2022-04-14 22:25:40', '2022-04-14 22:25:40'),
	(14, 'googlecommerce.com', 1, '2022-04-14 22:25:40', '2022-04-14 22:25:40'),
	(14, '*.googlecommerce.com', 1, '2022-04-14 22:25:40', '2022-04-14 22:25:40'),
	(14, 'ggpht.cn', 1, '2022-04-14 22:25:40', '2022-04-14 22:25:40'),
	(14, '*.ggpht.cn', 1, '2022-04-14 22:25:40', '2022-04-14 22:25:40'),
	(14, 'urchin.com', 1, '2022-04-14 22:25:40', '2022-04-14 22:25:40'),
	(14, '*.urchin.com', 1, '2022-04-14 22:25:40', '2022-04-14 22:25:40'),
	(14, 'youtu.be', 1, '2022-04-14 22:25:40', '2022-04-14 22:25:40'),
	(14, 'youtube.com', 1, '2022-04-14 22:25:40', '2022-04-14 22:25:40'),
	(14, '*.youtube.com', 1, '2022-04-14 22:25:40', '2022-04-14 22:25:40'),
	(14, 'youtubeeducation.com', 1, '2022-04-14 22:25:40', '2022-04-14 22:25:40'),
	(14, '*.youtubeeducation.com', 1, '2022-04-14 22:25:40', '2022-04-14 22:25:40'),
	(14, 'youtubekids.com', 1, '2022-04-14 22:25:40', '2022-04-14 22:25:40'),
	(14, '*.youtubekids.com', 1, '2022-04-14 22:25:40', '2022-04-14 22:25:40'),
	(14, 'yt.be', 1, '2022-04-14 22:25:40', '2022-04-14 22:25:40'),
	(14, '*.yt.be', 1, '2022-04-14 22:25:40', '2022-04-14 22:25:40'),
	(14, 'android.clients.google.com', 1, '2022-04-14 22:25:40', '2022-04-14 22:25:40'),
	(14, 'developer.android.google.cn', 1, '2022-04-14 22:25:40', '2022-04-14 22:25:40'),
	(14, 'developers.android.google.cn', 1, '2022-04-14 22:25:40', '2022-04-14 22:25:40'),
	(14, 'source.android.google.cn', 1, '2022-04-14 22:25:40', '2022-04-14 22:25:40'),
	(15, 'gmail.com', 1, '2022-04-14 22:26:42', '2022-04-14 22:26:42'),
	(15, '*.gmail.com', 1, '2022-04-14 22:26:42', '2022-04-14 22:26:42'),
	(16, '*.facebook.com', 1, '2022-04-14 22:27:40', '2022-04-14 22:27:40'),
	(16, '*.facebook.net', 1, '2022-04-14 22:27:40', '2022-04-14 22:27:40'),
	(16, '*.fbcdn.net', 1, '2022-04-14 22:27:40', '2022-04-14 22:27:40'),
	(16, '*.fbsbx.com', 1, '2022-04-14 22:27:40', '2022-04-14 22:27:40'),
	(16, '*.m.facebook.com', 1, '2022-04-14 22:27:40', '2022-04-14 22:27:40'),
	(16, '*.messenger.com', 1, '2022-04-14 22:27:40', '2022-04-14 22:27:40'),
	(16, '*.xx.fbcdn.net', 1, '2022-04-14 22:27:40', '2022-04-14 22:27:40'),
	(16, '*.xy.fbcdn.net', 1, '2022-04-14 22:27:40', '2022-04-14 22:27:40'),
	(16, '*.xz.fbcdn.net', 1, '2022-04-14 22:27:40', '2022-04-14 22:27:40'),
	(16, 'facebook.com', 1, '2022-04-14 22:27:40', '2022-04-14 22:27:40'),
	(16, 'messenger.com', 1, '2022-04-14 22:27:40', '2022-04-14 22:27:40');

-- Dumping structure for table certchecker.sitessl
CREATE TABLE IF NOT EXISTS `sitessl` (
  `sslsitesuite_id` int NOT NULL AUTO_INCREMENT,
  `sslsite_id` int DEFAULT NULL,
  `sslsuite_id` int DEFAULT NULL,
  `supported` tinyint DEFAULT NULL,
  `accepted` tinyint DEFAULT NULL,
  `alive` tinyint DEFAULT '1',
  `keysize` mediumint DEFAULT NULL,
  `name` varchar(256) COLLATE utf8_unicode_ci DEFAULT NULL,
  `opensslname` varchar(256) COLLATE utf8_unicode_ci DEFAULT NULL,
  `firstts` datetime DEFAULT CURRENT_TIMESTAMP,
  `updatets` datetime DEFAULT CURRENT_TIMESTAMP ON UPDATE CURRENT_TIMESTAMP,
  PRIMARY KEY (`sslsitesuite_id`) USING BTREE,
  KEY `FK_certsite_site` (`sslsite_id`),
  KEY `FK_sitecert_sslsuite` (`sslsuite_id`),
  CONSTRAINT `FK_certsite_site` FOREIGN KEY (`sslsite_id`) REFERENCES `site` (`sslsite_id`) ON DELETE CASCADE ON UPDATE CASCADE,
  CONSTRAINT `FK_sitecert_sslsuite` FOREIGN KEY (`sslsuite_id`) REFERENCES `sslsuite` (`sslsuite_id`)
) ENGINE=InnoDB AUTO_INCREMENT=143 DEFAULT CHARSET=utf8mb3 COLLATE=utf8_unicode_ci;

-- Dumping data for table certchecker.sitessl: ~142 rows (approximately)
INSERT INTO `sitessl` (`sslsitesuite_id`, `sslsite_id`, `sslsuite_id`, `supported`, `accepted`, `alive`, `keysize`, `name`, `opensslname`, `firstts`, `updatets`) VALUES
	(1, 10, 5, 1, 1, 1, 256, 'TLS_ECDHE_RSA_WITH_CHACHA20_POLY1305_SHA256', 'ECDHE-RSA-CHACHA20-POLY1305', '2022-04-14 19:00:10', '2022-04-14 19:32:45'),
	(2, 10, 5, 1, 1, 1, 256, 'TLS_ECDHE_RSA_WITH_AES_256_GCM_SHA384', 'ECDHE-RSA-AES256-GCM-SHA384', '2022-04-14 19:00:10', '2022-04-14 19:32:45'),
	(3, 10, 5, 1, 1, 1, 256, 'TLS_ECDHE_RSA_WITH_AES_256_CBC_SHA384', 'ECDHE-RSA-AES256-SHA384', '2022-04-14 19:00:10', '2022-04-14 19:32:45'),
	(4, 10, 5, 1, 1, 1, 128, 'TLS_ECDHE_RSA_WITH_AES_128_GCM_SHA256', 'ECDHE-RSA-AES128-GCM-SHA256', '2022-04-14 19:00:10', '2022-04-14 19:32:45'),
	(5, 10, 5, 1, 1, 1, 128, 'TLS_ECDHE_RSA_WITH_AES_128_CBC_SHA256', 'ECDHE-RSA-AES128-SHA256', '2022-04-14 19:00:10', '2022-04-14 19:32:45'),
	(6, 10, 6, 1, 1, 1, 256, 'TLS_CHACHA20_POLY1305_SHA256', 'TLS_CHACHA20_POLY1305_SHA256', '2022-04-14 19:00:10', '2022-04-14 19:32:45'),
	(7, 10, 6, 1, 1, 1, 256, 'TLS_AES_256_GCM_SHA384', 'TLS_AES_256_GCM_SHA384', '2022-04-14 19:00:10', '2022-04-14 19:32:45'),
	(8, 10, 6, 1, 1, 1, 128, 'TLS_AES_128_GCM_SHA256', 'TLS_AES_128_GCM_SHA256', '2022-04-14 19:00:10', '2022-04-14 19:32:45'),
	(9, 11, 3, 1, 1, 1, 256, 'TLS_RSA_WITH_AES_256_CBC_SHA', 'AES256-SHA', '2022-04-14 19:02:25', '2022-04-14 19:02:25'),
	(10, 11, 3, 1, 1, 1, 128, 'TLS_RSA_WITH_AES_128_CBC_SHA', 'AES128-SHA', '2022-04-14 19:02:25', '2022-04-14 19:02:25'),
	(11, 11, 3, 1, 1, 1, 168, 'TLS_RSA_WITH_3DES_EDE_CBC_SHA', 'DES-CBC3-SHA', '2022-04-14 19:02:25', '2022-04-14 19:02:25'),
	(12, 11, 3, 1, 1, 1, 256, 'TLS_ECDHE_RSA_WITH_AES_256_CBC_SHA', 'ECDHE-RSA-AES256-SHA', '2022-04-14 19:02:25', '2022-04-14 19:02:25'),
	(13, 11, 3, 1, 1, 1, 128, 'TLS_ECDHE_RSA_WITH_AES_128_CBC_SHA', 'ECDHE-RSA-AES128-SHA', '2022-04-14 19:02:25', '2022-04-14 19:02:25'),
	(14, 11, 4, 1, 1, 1, 256, 'TLS_RSA_WITH_AES_256_CBC_SHA', 'AES256-SHA', '2022-04-14 19:02:25', '2022-04-14 19:02:25'),
	(15, 11, 4, 1, 1, 1, 128, 'TLS_RSA_WITH_AES_128_CBC_SHA', 'AES128-SHA', '2022-04-14 19:02:25', '2022-04-14 19:02:25'),
	(16, 11, 4, 1, 1, 1, 168, 'TLS_RSA_WITH_3DES_EDE_CBC_SHA', 'DES-CBC3-SHA', '2022-04-14 19:02:25', '2022-04-14 19:02:25'),
	(17, 11, 4, 1, 1, 1, 256, 'TLS_ECDHE_RSA_WITH_AES_256_CBC_SHA', 'ECDHE-RSA-AES256-SHA', '2022-04-14 19:02:25', '2022-04-14 19:02:25'),
	(18, 11, 4, 1, 1, 1, 128, 'TLS_ECDHE_RSA_WITH_AES_128_CBC_SHA', 'ECDHE-RSA-AES128-SHA', '2022-04-14 19:02:25', '2022-04-14 19:02:25'),
	(19, 11, 5, 1, 1, 1, 256, 'TLS_RSA_WITH_AES_256_GCM_SHA384', 'AES256-GCM-SHA384', '2022-04-14 19:02:25', '2022-04-14 19:02:25'),
	(20, 11, 5, 1, 1, 1, 256, 'TLS_RSA_WITH_AES_256_CBC_SHA', 'AES256-SHA', '2022-04-14 19:02:25', '2022-04-14 19:02:25'),
	(21, 11, 5, 1, 1, 1, 128, 'TLS_RSA_WITH_AES_128_GCM_SHA256', 'AES128-GCM-SHA256', '2022-04-14 19:02:25', '2022-04-14 19:02:25'),
	(22, 11, 5, 1, 1, 1, 128, 'TLS_RSA_WITH_AES_128_CBC_SHA', 'AES128-SHA', '2022-04-14 19:02:25', '2022-04-14 19:02:25'),
	(23, 11, 5, 1, 1, 1, 168, 'TLS_RSA_WITH_3DES_EDE_CBC_SHA', 'DES-CBC3-SHA', '2022-04-14 19:02:25', '2022-04-14 19:02:25'),
	(24, 11, 5, 1, 1, 1, 256, 'TLS_ECDHE_RSA_WITH_CHACHA20_POLY1305_SHA256', 'ECDHE-RSA-CHACHA20-POLY1305', '2022-04-14 19:02:25', '2022-04-14 19:02:25'),
	(25, 11, 5, 1, 1, 1, 256, 'TLS_ECDHE_RSA_WITH_AES_256_GCM_SHA384', 'ECDHE-RSA-AES256-GCM-SHA384', '2022-04-14 19:02:25', '2022-04-14 19:02:25'),
	(26, 11, 5, 1, 1, 1, 256, 'TLS_ECDHE_RSA_WITH_AES_256_CBC_SHA', 'ECDHE-RSA-AES256-SHA', '2022-04-14 19:02:25', '2022-04-14 19:02:25'),
	(27, 11, 5, 1, 1, 1, 128, 'TLS_ECDHE_RSA_WITH_AES_128_GCM_SHA256', 'ECDHE-RSA-AES128-GCM-SHA256', '2022-04-14 19:02:25', '2022-04-14 19:02:25'),
	(28, 11, 5, 1, 1, 1, 128, 'TLS_ECDHE_RSA_WITH_AES_128_CBC_SHA', 'ECDHE-RSA-AES128-SHA', '2022-04-14 19:02:25', '2022-04-14 19:02:25'),
	(29, 11, 5, 1, 1, 1, 256, 'TLS_ECDHE_ECDSA_WITH_CHACHA20_POLY1305_SHA256', 'ECDHE-ECDSA-CHACHA20-POLY1305', '2022-04-14 19:02:25', '2022-04-14 19:02:25'),
	(30, 11, 6, 1, 1, 1, 256, 'TLS_CHACHA20_POLY1305_SHA256', 'TLS_CHACHA20_POLY1305_SHA256', '2022-04-14 19:02:25', '2022-04-14 19:02:26'),
	(31, 11, 6, 1, 1, 1, 256, 'TLS_AES_256_GCM_SHA384', 'TLS_AES_256_GCM_SHA384', '2022-04-14 19:02:26', '2022-04-14 19:02:26'),
	(32, 11, 6, 1, 1, 1, 128, 'TLS_AES_128_GCM_SHA256', 'TLS_AES_128_GCM_SHA256', '2022-04-14 19:02:26', '2022-04-14 19:02:26'),
	(33, 9, 5, 1, 1, 1, 256, 'TLS_RSA_WITH_AES_256_GCM_SHA384', 'AES256-GCM-SHA384', '2022-04-14 19:04:25', '2022-04-14 19:37:30'),
	(34, 9, 5, 1, 1, 1, 256, 'TLS_RSA_WITH_AES_256_CBC_SHA256', 'AES256-SHA256', '2022-04-14 19:04:25', '2022-04-14 19:37:30'),
	(35, 9, 5, 1, 1, 1, 256, 'TLS_RSA_WITH_AES_256_CBC_SHA', 'AES256-SHA', '2022-04-14 19:04:25', '2022-04-14 19:37:30'),
	(36, 9, 5, 1, 1, 1, 128, 'TLS_RSA_WITH_AES_128_GCM_SHA256', 'AES128-GCM-SHA256', '2022-04-14 19:04:25', '2022-04-14 19:37:30'),
	(37, 9, 5, 1, 1, 1, 128, 'TLS_RSA_WITH_AES_128_CBC_SHA256', 'AES128-SHA256', '2022-04-14 19:04:25', '2022-04-14 19:37:30'),
	(38, 9, 5, 1, 1, 1, 128, 'TLS_RSA_WITH_AES_128_CBC_SHA', 'AES128-SHA', '2022-04-14 19:04:25', '2022-04-14 19:37:30'),
	(39, 9, 5, 1, 1, 1, 256, 'TLS_ECDHE_RSA_WITH_AES_256_GCM_SHA384', 'ECDHE-RSA-AES256-GCM-SHA384', '2022-04-14 19:04:25', '2022-04-14 19:37:30'),
	(40, 9, 5, 1, 1, 1, 256, 'TLS_ECDHE_RSA_WITH_AES_256_CBC_SHA384', 'ECDHE-RSA-AES256-SHA384', '2022-04-14 19:04:25', '2022-04-14 19:37:30'),
	(41, 9, 5, 1, 1, 1, 256, 'TLS_ECDHE_RSA_WITH_AES_256_CBC_SHA', 'ECDHE-RSA-AES256-SHA', '2022-04-14 19:04:25', '2022-04-14 19:37:30'),
	(42, 9, 5, 1, 1, 1, 128, 'TLS_ECDHE_RSA_WITH_AES_128_GCM_SHA256', 'ECDHE-RSA-AES128-GCM-SHA256', '2022-04-14 19:04:26', '2022-04-14 19:37:30'),
	(43, 9, 5, 1, 1, 1, 128, 'TLS_ECDHE_RSA_WITH_AES_128_CBC_SHA256', 'ECDHE-RSA-AES128-SHA256', '2022-04-14 19:04:26', '2022-04-14 19:37:30'),
	(44, 9, 5, 1, 1, 1, 128, 'TLS_ECDHE_RSA_WITH_AES_128_CBC_SHA', 'ECDHE-RSA-AES128-SHA', '2022-04-14 19:04:26', '2022-04-14 19:37:30'),
	(45, 13, 5, 1, 1, 1, 256, 'TLS_RSA_WITH_AES_256_GCM_SHA384', 'AES256-GCM-SHA384', '2022-04-14 19:40:56', '2022-04-14 19:40:56'),
	(46, 13, 5, 1, 1, 1, 256, 'TLS_RSA_WITH_AES_256_CBC_SHA256', 'AES256-SHA256', '2022-04-14 19:40:56', '2022-04-14 19:40:56'),
	(47, 13, 5, 1, 1, 1, 256, 'TLS_RSA_WITH_AES_256_CBC_SHA', 'AES256-SHA', '2022-04-14 19:40:56', '2022-04-14 19:40:56'),
	(48, 13, 5, 1, 1, 1, 128, 'TLS_RSA_WITH_AES_128_GCM_SHA256', 'AES128-GCM-SHA256', '2022-04-14 19:40:56', '2022-04-14 19:40:56'),
	(49, 13, 5, 1, 1, 1, 128, 'TLS_RSA_WITH_AES_128_CBC_SHA256', 'AES128-SHA256', '2022-04-14 19:40:56', '2022-04-14 19:40:56'),
	(50, 13, 5, 1, 1, 1, 128, 'TLS_RSA_WITH_AES_128_CBC_SHA', 'AES128-SHA', '2022-04-14 19:40:56', '2022-04-14 19:40:56'),
	(51, 13, 5, 1, 1, 1, 256, 'TLS_ECDHE_RSA_WITH_AES_256_GCM_SHA384', 'ECDHE-RSA-AES256-GCM-SHA384', '2022-04-14 19:40:56', '2022-04-14 19:40:56'),
	(52, 13, 5, 1, 1, 1, 256, 'TLS_ECDHE_RSA_WITH_AES_256_CBC_SHA384', 'ECDHE-RSA-AES256-SHA384', '2022-04-14 19:40:56', '2022-04-14 19:40:56'),
	(53, 13, 5, 1, 1, 1, 256, 'TLS_ECDHE_RSA_WITH_AES_256_CBC_SHA', 'ECDHE-RSA-AES256-SHA', '2022-04-14 19:40:56', '2022-04-14 19:40:56'),
	(54, 13, 5, 1, 1, 1, 128, 'TLS_ECDHE_RSA_WITH_AES_128_GCM_SHA256', 'ECDHE-RSA-AES128-GCM-SHA256', '2022-04-14 19:40:56', '2022-04-14 19:40:56'),
	(55, 13, 5, 1, 1, 1, 128, 'TLS_ECDHE_RSA_WITH_AES_128_CBC_SHA256', 'ECDHE-RSA-AES128-SHA256', '2022-04-14 19:40:56', '2022-04-14 19:40:56'),
	(56, 13, 5, 1, 1, 1, 128, 'TLS_ECDHE_RSA_WITH_AES_128_CBC_SHA', 'ECDHE-RSA-AES128-SHA', '2022-04-14 19:40:56', '2022-04-14 19:40:56'),
	(57, 14, 3, 1, 1, 1, 256, 'TLS_RSA_WITH_AES_256_CBC_SHA', 'AES256-SHA', '2022-04-14 22:25:38', '2022-04-14 22:25:38'),
	(58, 14, 3, 1, 1, 1, 128, 'TLS_RSA_WITH_AES_128_CBC_SHA', 'AES128-SHA', '2022-04-14 22:25:38', '2022-04-14 22:25:38'),
	(59, 14, 3, 1, 1, 1, 168, 'TLS_RSA_WITH_3DES_EDE_CBC_SHA', 'DES-CBC3-SHA', '2022-04-14 22:25:38', '2022-04-14 22:25:38'),
	(60, 14, 3, 1, 1, 1, 256, 'TLS_ECDHE_RSA_WITH_AES_256_CBC_SHA', 'ECDHE-RSA-AES256-SHA', '2022-04-14 22:25:38', '2022-04-14 22:25:38'),
	(61, 14, 3, 1, 1, 1, 128, 'TLS_ECDHE_RSA_WITH_AES_128_CBC_SHA', 'ECDHE-RSA-AES128-SHA', '2022-04-14 22:25:38', '2022-04-14 22:25:38'),
	(62, 14, 4, 1, 1, 1, 256, 'TLS_RSA_WITH_AES_256_CBC_SHA', 'AES256-SHA', '2022-04-14 22:25:38', '2022-04-14 22:25:38'),
	(63, 14, 4, 1, 1, 1, 128, 'TLS_RSA_WITH_AES_128_CBC_SHA', 'AES128-SHA', '2022-04-14 22:25:38', '2022-04-14 22:25:38'),
	(64, 14, 4, 1, 1, 1, 168, 'TLS_RSA_WITH_3DES_EDE_CBC_SHA', 'DES-CBC3-SHA', '2022-04-14 22:25:38', '2022-04-14 22:25:38'),
	(65, 14, 4, 1, 1, 1, 256, 'TLS_ECDHE_RSA_WITH_AES_256_CBC_SHA', 'ECDHE-RSA-AES256-SHA', '2022-04-14 22:25:38', '2022-04-14 22:25:39'),
	(66, 14, 4, 1, 1, 1, 128, 'TLS_ECDHE_RSA_WITH_AES_128_CBC_SHA', 'ECDHE-RSA-AES128-SHA', '2022-04-14 22:25:39', '2022-04-14 22:25:39'),
	(67, 14, 5, 1, 1, 1, 256, 'TLS_RSA_WITH_AES_256_GCM_SHA384', 'AES256-GCM-SHA384', '2022-04-14 22:25:39', '2022-04-14 22:25:39'),
	(68, 14, 5, 1, 1, 1, 256, 'TLS_RSA_WITH_AES_256_CBC_SHA', 'AES256-SHA', '2022-04-14 22:25:39', '2022-04-14 22:25:39'),
	(69, 14, 5, 1, 1, 1, 128, 'TLS_RSA_WITH_AES_128_GCM_SHA256', 'AES128-GCM-SHA256', '2022-04-14 22:25:39', '2022-04-14 22:25:39'),
	(70, 14, 5, 1, 1, 1, 128, 'TLS_RSA_WITH_AES_128_CBC_SHA', 'AES128-SHA', '2022-04-14 22:25:39', '2022-04-14 22:25:39'),
	(71, 14, 5, 1, 1, 1, 168, 'TLS_RSA_WITH_3DES_EDE_CBC_SHA', 'DES-CBC3-SHA', '2022-04-14 22:25:39', '2022-04-14 22:25:39'),
	(72, 14, 5, 1, 1, 1, 256, 'TLS_ECDHE_RSA_WITH_CHACHA20_POLY1305_SHA256', 'ECDHE-RSA-CHACHA20-POLY1305', '2022-04-14 22:25:39', '2022-04-14 22:25:39'),
	(73, 14, 5, 1, 1, 1, 256, 'TLS_ECDHE_RSA_WITH_AES_256_GCM_SHA384', 'ECDHE-RSA-AES256-GCM-SHA384', '2022-04-14 22:25:39', '2022-04-14 22:25:39'),
	(74, 14, 5, 1, 1, 1, 256, 'TLS_ECDHE_RSA_WITH_AES_256_CBC_SHA', 'ECDHE-RSA-AES256-SHA', '2022-04-14 22:25:39', '2022-04-14 22:25:39'),
	(75, 14, 5, 1, 1, 1, 128, 'TLS_ECDHE_RSA_WITH_AES_128_GCM_SHA256', 'ECDHE-RSA-AES128-GCM-SHA256', '2022-04-14 22:25:39', '2022-04-14 22:25:39'),
	(76, 14, 5, 1, 1, 1, 128, 'TLS_ECDHE_RSA_WITH_AES_128_CBC_SHA', 'ECDHE-RSA-AES128-SHA', '2022-04-14 22:25:39', '2022-04-14 22:25:39'),
	(77, 14, 5, 1, 1, 1, 256, 'TLS_ECDHE_ECDSA_WITH_CHACHA20_POLY1305_SHA256', 'ECDHE-ECDSA-CHACHA20-POLY1305', '2022-04-14 22:25:39', '2022-04-14 22:25:39'),
	(78, 14, 6, 1, 1, 1, 256, 'TLS_CHACHA20_POLY1305_SHA256', 'TLS_CHACHA20_POLY1305_SHA256', '2022-04-14 22:25:39', '2022-04-14 22:25:39'),
	(79, 14, 6, 1, 1, 1, 256, 'TLS_AES_256_GCM_SHA384', 'TLS_AES_256_GCM_SHA384', '2022-04-14 22:25:39', '2022-04-14 22:25:39'),
	(80, 14, 6, 1, 1, 1, 128, 'TLS_AES_128_GCM_SHA256', 'TLS_AES_128_GCM_SHA256', '2022-04-14 22:25:39', '2022-04-14 22:25:39'),
	(81, 15, 3, 1, 1, 1, 256, 'TLS_RSA_WITH_AES_256_CBC_SHA', 'AES256-SHA', '2022-04-14 22:26:42', '2022-04-14 22:26:42'),
	(82, 15, 3, 1, 1, 1, 128, 'TLS_RSA_WITH_AES_128_CBC_SHA', 'AES128-SHA', '2022-04-14 22:26:42', '2022-04-14 22:26:42'),
	(83, 15, 3, 1, 1, 1, 168, 'TLS_RSA_WITH_3DES_EDE_CBC_SHA', 'DES-CBC3-SHA', '2022-04-14 22:26:42', '2022-04-14 22:26:42'),
	(84, 15, 3, 1, 1, 1, 256, 'TLS_ECDHE_RSA_WITH_AES_256_CBC_SHA', 'ECDHE-RSA-AES256-SHA', '2022-04-14 22:26:42', '2022-04-14 22:26:42'),
	(85, 15, 3, 1, 1, 1, 128, 'TLS_ECDHE_RSA_WITH_AES_128_CBC_SHA', 'ECDHE-RSA-AES128-SHA', '2022-04-14 22:26:42', '2022-04-14 22:26:42'),
	(86, 15, 4, 1, 1, 1, 256, 'TLS_RSA_WITH_AES_256_CBC_SHA', 'AES256-SHA', '2022-04-14 22:26:42', '2022-04-14 22:26:42'),
	(87, 15, 4, 1, 1, 1, 128, 'TLS_RSA_WITH_AES_128_CBC_SHA', 'AES128-SHA', '2022-04-14 22:26:42', '2022-04-14 22:26:42'),
	(88, 15, 4, 1, 1, 1, 168, 'TLS_RSA_WITH_3DES_EDE_CBC_SHA', 'DES-CBC3-SHA', '2022-04-14 22:26:42', '2022-04-14 22:26:42'),
	(89, 15, 4, 1, 1, 1, 256, 'TLS_ECDHE_RSA_WITH_AES_256_CBC_SHA', 'ECDHE-RSA-AES256-SHA', '2022-04-14 22:26:42', '2022-04-14 22:26:42'),
	(90, 15, 4, 1, 1, 1, 128, 'TLS_ECDHE_RSA_WITH_AES_128_CBC_SHA', 'ECDHE-RSA-AES128-SHA', '2022-04-14 22:26:42', '2022-04-14 22:26:42'),
	(91, 15, 5, 1, 1, 1, 256, 'TLS_RSA_WITH_AES_256_GCM_SHA384', 'AES256-GCM-SHA384', '2022-04-14 22:26:42', '2022-04-14 22:26:42'),
	(92, 15, 5, 1, 1, 1, 256, 'TLS_RSA_WITH_AES_256_CBC_SHA', 'AES256-SHA', '2022-04-14 22:26:42', '2022-04-14 22:26:42'),
	(93, 15, 5, 1, 1, 1, 128, 'TLS_RSA_WITH_AES_128_GCM_SHA256', 'AES128-GCM-SHA256', '2022-04-14 22:26:42', '2022-04-14 22:26:42'),
	(94, 15, 5, 1, 1, 1, 128, 'TLS_RSA_WITH_AES_128_CBC_SHA', 'AES128-SHA', '2022-04-14 22:26:42', '2022-04-14 22:26:42'),
	(95, 15, 5, 1, 1, 1, 168, 'TLS_RSA_WITH_3DES_EDE_CBC_SHA', 'DES-CBC3-SHA', '2022-04-14 22:26:42', '2022-04-14 22:26:42'),
	(96, 15, 5, 1, 1, 1, 256, 'TLS_ECDHE_RSA_WITH_CHACHA20_POLY1305_SHA256', 'ECDHE-RSA-CHACHA20-POLY1305', '2022-04-14 22:26:42', '2022-04-14 22:26:42'),
	(97, 15, 5, 1, 1, 1, 256, 'TLS_ECDHE_RSA_WITH_AES_256_GCM_SHA384', 'ECDHE-RSA-AES256-GCM-SHA384', '2022-04-14 22:26:42', '2022-04-14 22:26:42'),
	(98, 15, 5, 1, 1, 1, 256, 'TLS_ECDHE_RSA_WITH_AES_256_CBC_SHA', 'ECDHE-RSA-AES256-SHA', '2022-04-14 22:26:42', '2022-04-14 22:26:42'),
	(99, 15, 5, 1, 1, 1, 128, 'TLS_ECDHE_RSA_WITH_AES_128_GCM_SHA256', 'ECDHE-RSA-AES128-GCM-SHA256', '2022-04-14 22:26:42', '2022-04-14 22:26:42'),
	(100, 15, 5, 1, 1, 1, 128, 'TLS_ECDHE_RSA_WITH_AES_128_CBC_SHA', 'ECDHE-RSA-AES128-SHA', '2022-04-14 22:26:42', '2022-04-14 22:26:42'),
	(101, 15, 5, 1, 1, 1, 256, 'TLS_ECDHE_ECDSA_WITH_CHACHA20_POLY1305_SHA256', 'ECDHE-ECDSA-CHACHA20-POLY1305', '2022-04-14 22:26:42', '2022-04-14 22:26:42'),
	(102, 15, 6, 1, 1, 1, 256, 'TLS_CHACHA20_POLY1305_SHA256', 'TLS_CHACHA20_POLY1305_SHA256', '2022-04-14 22:26:42', '2022-04-14 22:26:42'),
	(103, 15, 6, 1, 1, 1, 256, 'TLS_AES_256_GCM_SHA384', 'TLS_AES_256_GCM_SHA384', '2022-04-14 22:26:42', '2022-04-14 22:26:42'),
	(104, 15, 6, 1, 1, 1, 128, 'TLS_AES_128_GCM_SHA256', 'TLS_AES_128_GCM_SHA256', '2022-04-14 22:26:42', '2022-04-14 22:26:42'),
	(105, 16, 3, 1, 1, 1, 256, 'TLS_RSA_WITH_AES_256_CBC_SHA', 'AES256-SHA', '2022-04-14 22:27:38', '2022-04-14 22:27:38'),
	(106, 16, 3, 1, 1, 1, 128, 'TLS_RSA_WITH_AES_128_CBC_SHA', 'AES128-SHA', '2022-04-14 22:27:38', '2022-04-14 22:27:38'),
	(107, 16, 3, 1, 1, 1, 168, 'TLS_RSA_WITH_3DES_EDE_CBC_SHA', 'DES-CBC3-SHA', '2022-04-14 22:27:38', '2022-04-14 22:27:38'),
	(108, 16, 3, 1, 1, 1, 256, 'TLS_ECDHE_RSA_WITH_AES_256_CBC_SHA', 'ECDHE-RSA-AES256-SHA', '2022-04-14 22:27:38', '2022-04-14 22:27:38'),
	(109, 16, 3, 1, 1, 1, 128, 'TLS_ECDHE_RSA_WITH_AES_128_CBC_SHA', 'ECDHE-RSA-AES128-SHA', '2022-04-14 22:27:38', '2022-04-14 22:27:38'),
	(110, 16, 3, 1, 1, 1, 168, 'TLS_ECDHE_RSA_WITH_3DES_EDE_CBC_SHA', 'ECDHE-RSA-DES-CBC3-SHA', '2022-04-14 22:27:38', '2022-04-14 22:27:38'),
	(111, 16, 3, 1, 1, 1, 256, 'TLS_ECDHE_ECDSA_WITH_AES_256_CBC_SHA', 'ECDHE-ECDSA-AES256-SHA', '2022-04-14 22:27:38', '2022-04-14 22:27:38'),
	(112, 16, 3, 1, 1, 1, 128, 'TLS_ECDHE_ECDSA_WITH_AES_128_CBC_SHA', 'ECDHE-ECDSA-AES128-SHA', '2022-04-14 22:27:38', '2022-04-14 22:27:39'),
	(113, 16, 3, 1, 1, 1, 168, 'TLS_ECDHE_ECDSA_WITH_3DES_EDE_CBC_SHA', 'ECDHE-ECDSA-DES-CBC3-SHA', '2022-04-14 22:27:39', '2022-04-14 22:27:39'),
	(114, 16, 4, 1, 1, 1, 256, 'TLS_RSA_WITH_AES_256_CBC_SHA', 'AES256-SHA', '2022-04-14 22:27:39', '2022-04-14 22:27:39'),
	(115, 16, 4, 1, 1, 1, 128, 'TLS_RSA_WITH_AES_128_CBC_SHA', 'AES128-SHA', '2022-04-14 22:27:39', '2022-04-14 22:27:39'),
	(116, 16, 4, 1, 1, 1, 168, 'TLS_RSA_WITH_3DES_EDE_CBC_SHA', 'DES-CBC3-SHA', '2022-04-14 22:27:39', '2022-04-14 22:27:39'),
	(117, 16, 4, 1, 1, 1, 256, 'TLS_ECDHE_RSA_WITH_AES_256_CBC_SHA', 'ECDHE-RSA-AES256-SHA', '2022-04-14 22:27:39', '2022-04-14 22:27:39'),
	(118, 16, 4, 1, 1, 1, 128, 'TLS_ECDHE_RSA_WITH_AES_128_CBC_SHA', 'ECDHE-RSA-AES128-SHA', '2022-04-14 22:27:39', '2022-04-14 22:27:39'),
	(119, 16, 4, 1, 1, 1, 168, 'TLS_ECDHE_RSA_WITH_3DES_EDE_CBC_SHA', 'ECDHE-RSA-DES-CBC3-SHA', '2022-04-14 22:27:39', '2022-04-14 22:27:39'),
	(120, 16, 4, 1, 1, 1, 256, 'TLS_ECDHE_ECDSA_WITH_AES_256_CBC_SHA', 'ECDHE-ECDSA-AES256-SHA', '2022-04-14 22:27:39', '2022-04-14 22:27:39'),
	(121, 16, 4, 1, 1, 1, 128, 'TLS_ECDHE_ECDSA_WITH_AES_128_CBC_SHA', 'ECDHE-ECDSA-AES128-SHA', '2022-04-14 22:27:39', '2022-04-14 22:27:39'),
	(122, 16, 4, 1, 1, 1, 168, 'TLS_ECDHE_ECDSA_WITH_3DES_EDE_CBC_SHA', 'ECDHE-ECDSA-DES-CBC3-SHA', '2022-04-14 22:27:39', '2022-04-14 22:27:39'),
	(123, 16, 5, 1, 1, 1, 256, 'TLS_RSA_WITH_AES_256_GCM_SHA384', 'AES256-GCM-SHA384', '2022-04-14 22:27:39', '2022-04-14 22:27:39'),
	(124, 16, 5, 1, 1, 1, 256, 'TLS_RSA_WITH_AES_256_CBC_SHA', 'AES256-SHA', '2022-04-14 22:27:39', '2022-04-14 22:27:39'),
	(125, 16, 5, 1, 1, 1, 128, 'TLS_RSA_WITH_AES_128_GCM_SHA256', 'AES128-GCM-SHA256', '2022-04-14 22:27:39', '2022-04-14 22:27:39'),
	(126, 16, 5, 1, 1, 1, 128, 'TLS_RSA_WITH_AES_128_CBC_SHA', 'AES128-SHA', '2022-04-14 22:27:39', '2022-04-14 22:27:39'),
	(127, 16, 5, 1, 1, 1, 168, 'TLS_RSA_WITH_3DES_EDE_CBC_SHA', 'DES-CBC3-SHA', '2022-04-14 22:27:39', '2022-04-14 22:27:39'),
	(128, 16, 5, 1, 1, 1, 256, 'TLS_ECDHE_RSA_WITH_CHACHA20_POLY1305_SHA256', 'ECDHE-RSA-CHACHA20-POLY1305', '2022-04-14 22:27:39', '2022-04-14 22:27:39'),
	(129, 16, 5, 1, 1, 1, 256, 'TLS_ECDHE_RSA_WITH_AES_256_GCM_SHA384', 'ECDHE-RSA-AES256-GCM-SHA384', '2022-04-14 22:27:39', '2022-04-14 22:27:39'),
	(130, 16, 5, 1, 1, 1, 256, 'TLS_ECDHE_RSA_WITH_AES_256_CBC_SHA', 'ECDHE-RSA-AES256-SHA', '2022-04-14 22:27:39', '2022-04-14 22:27:39'),
	(131, 16, 5, 1, 1, 1, 128, 'TLS_ECDHE_RSA_WITH_AES_128_GCM_SHA256', 'ECDHE-RSA-AES128-GCM-SHA256', '2022-04-14 22:27:39', '2022-04-14 22:27:39'),
	(132, 16, 5, 1, 1, 1, 128, 'TLS_ECDHE_RSA_WITH_AES_128_CBC_SHA', 'ECDHE-RSA-AES128-SHA', '2022-04-14 22:27:39', '2022-04-14 22:27:39'),
	(133, 16, 5, 1, 1, 1, 168, 'TLS_ECDHE_RSA_WITH_3DES_EDE_CBC_SHA', 'ECDHE-RSA-DES-CBC3-SHA', '2022-04-14 22:27:39', '2022-04-14 22:27:39'),
	(134, 16, 5, 1, 1, 1, 256, 'TLS_ECDHE_ECDSA_WITH_CHACHA20_POLY1305_SHA256', 'ECDHE-ECDSA-CHACHA20-POLY1305', '2022-04-14 22:27:39', '2022-04-14 22:27:39'),
	(135, 16, 5, 1, 1, 1, 256, 'TLS_ECDHE_ECDSA_WITH_AES_256_GCM_SHA384', 'ECDHE-ECDSA-AES256-GCM-SHA384', '2022-04-14 22:27:39', '2022-04-14 22:27:39'),
	(136, 16, 5, 1, 1, 1, 256, 'TLS_ECDHE_ECDSA_WITH_AES_256_CBC_SHA', 'ECDHE-ECDSA-AES256-SHA', '2022-04-14 22:27:39', '2022-04-14 22:27:39'),
	(137, 16, 5, 1, 1, 1, 128, 'TLS_ECDHE_ECDSA_WITH_AES_128_GCM_SHA256', 'ECDHE-ECDSA-AES128-GCM-SHA256', '2022-04-14 22:27:39', '2022-04-14 22:27:39'),
	(138, 16, 5, 1, 1, 1, 128, 'TLS_ECDHE_ECDSA_WITH_AES_128_CBC_SHA', 'ECDHE-ECDSA-AES128-SHA', '2022-04-14 22:27:39', '2022-04-14 22:27:39'),
	(139, 16, 5, 1, 1, 1, 168, 'TLS_ECDHE_ECDSA_WITH_3DES_EDE_CBC_SHA', 'ECDHE-ECDSA-DES-CBC3-SHA', '2022-04-14 22:27:39', '2022-04-14 22:27:39'),
	(140, 16, 6, 1, 1, 1, 256, 'TLS_CHACHA20_POLY1305_SHA256', 'TLS_CHACHA20_POLY1305_SHA256', '2022-04-14 22:27:39', '2022-04-14 22:27:39'),
	(141, 16, 6, 1, 1, 1, 256, 'TLS_AES_256_GCM_SHA384', 'TLS_AES_256_GCM_SHA384', '2022-04-14 22:27:39', '2022-04-14 22:27:39'),
	(142, 16, 6, 1, 1, 1, 128, 'TLS_AES_128_GCM_SHA256', 'TLS_AES_128_GCM_SHA256', '2022-04-14 22:27:40', '2022-04-14 22:27:40');

-- Dumping structure for table certchecker.sslsuite
CREATE TABLE IF NOT EXISTS `sslsuite` (
  `sslsuite_id` int NOT NULL AUTO_INCREMENT,
  `sslsuite_name` varchar(32) CHARACTER SET utf8 COLLATE utf8_unicode_ci DEFAULT NULL,
  `ssldisplay` varchar(32) COLLATE utf8_unicode_ci DEFAULT NULL,
  `ok` tinyint DEFAULT NULL,
  PRIMARY KEY (`sslsuite_id`)
) ENGINE=InnoDB AUTO_INCREMENT=7 DEFAULT CHARSET=utf8mb3 COLLATE=utf8_unicode_ci;

-- Dumping data for table certchecker.sslsuite: ~6 rows (approximately)
INSERT INTO `sslsuite` (`sslsuite_id`, `sslsuite_name`, `ssldisplay`, `ok`) VALUES
	(1, 'ssl_2_0_cipher_suites', 'SSL 2.0', 0),
	(2, 'ssl_3_0_cipher_suites', 'SSL 3.0', 0),
	(3, 'tls_1_0_cipher_suites', 'TLS 1.0', 0),
	(4, 'tls_1_1_cipher_suites', 'TLS 1.1', 0),
	(5, 'tls_1_2_cipher_suites', 'TLS 1.2', 1),
	(6, 'tls_1_3_cipher_suites', 'TLS 1.3', 1);

/*!40103 SET TIME_ZONE=IFNULL(@OLD_TIME_ZONE, 'system') */;
/*!40101 SET SQL_MODE=IFNULL(@OLD_SQL_MODE, '') */;
/*!40014 SET FOREIGN_KEY_CHECKS=IFNULL(@OLD_FOREIGN_KEY_CHECKS, 1) */;
/*!40101 SET CHARACTER_SET_CLIENT=@OLD_CHARACTER_SET_CLIENT */;
/*!40111 SET SQL_NOTES=IFNULL(@OLD_SQL_NOTES, 1) */;
